CaneID,Date,FlowerCount,FlowerPercentage,information
1001,30-Oct,0,0,NA
1001,1-Nov,0,0,NA
1001,5-Nov,0,0,NA
1001,7-Nov,0,0,NA
1001,11-Nov,12,0.4444444444444444,NA
1001,14-Nov,18,0.6666666666666666,NA
1001,18-Nov,25,0.9259259259259259,NA
1001,21-Nov,25,0.9259259259259259,Value smaller than max: previous = 24 : new = 25
1001,25-Nov,27,1,NA
1001,28-Nov,27,1,NA
1001,2-Dec,27,1,NA
1002,30-Oct,0,0,NA
1002,1-Nov,0,0,NA
1002,5-Nov,0,0,NA
1002,7-Nov,0,0,NA
1002,11-Nov,0,0,NA
1002,14-Nov,3,0.08823529411764706,NA
1002,18-Nov,12,0.35294117647058826,NA
1002,21-Nov,26,0.7647058823529411,NA
1002,25-Nov,33,0.9705882352941176,NA
1002,28-Nov,34,1,NA
1002,2-Dec,34,1,NA
1003,30-Oct,0,0,NA
1003,1-Nov,0,0,NA
1003,5-Nov,0,0,NA
1003,7-Nov,0,0,NA
1003,11-Nov,3,0.09375,NA
1003,14-Nov,13,0.40625,NA
1003,18-Nov,23,0.71875,NA
1003,21-Nov,29,0.90625,NA
1003,25-Nov,32,1,NA
1003,28-Nov,32,1,NA
1003,2-Dec,32,1,NA
1004,30-Oct,0,0,NA
1004,1-Nov,0,0,NA
1004,5-Nov,0,0,NA
1004,7-Nov,0,0,NA
1004,11-Nov,0,0,NA
1004,14-Nov,0,0,NA
1004,18-Nov,3,0.15789473684210525,NA
1004,21-Nov,9,0.47368421052631576,NA
1004,25-Nov,18,0.9473684210526315,NA
1004,28-Nov,19,1,NA
1004,2-Dec,19,1,NA
1005,30-Oct,0,0,NA
1005,1-Nov,0,0,NA
1005,5-Nov,0,0,NA
1005,7-Nov,0,0,NA
1005,11-Nov,0,0,NA
1005,14-Nov,13,0.7647058823529411,NA
1005,18-Nov,17,1,NA
1005,21-Nov,17,1,NA
1005,25-Nov,17,1,NA
1005,28-Nov,17,1,NA
1005,2-Dec,17,1,NA
1006,30-Oct,0,0,NA
1006,1-Nov,0,0,NA
1006,5-Nov,0,0,NA
1006,7-Nov,0,0,NA
1006,11-Nov,1,0.07692307692307693,NA
1006,14-Nov,6,0.46153846153846156,NA
1006,18-Nov,11,0.8461538461538461,NA
1006,21-Nov,13,1,NA
1006,25-Nov,13,1,NA
1006,28-Nov,13,1,NA
1006,2-Dec,13,1,NA
1007,30-Oct,0,0,NA
1007,1-Nov,0,0,NA
1007,5-Nov,0,0,NA
1007,7-Nov,0,0,NA
1007,11-Nov,0,0,NA
1007,14-Nov,2,0.09523809523809523,NA
1007,18-Nov,7,0.3333333333333333,NA
1007,21-Nov,10,0.47619047619047616,NA
1007,25-Nov,21,1,NA
1007,28-Nov,21,1,NA
1007,2-Dec,21,1,NA
1008,30-Oct,0,0,NA
1008,1-Nov,0,0,NA
1008,5-Nov,0,0,NA
1008,7-Nov,0,0,NA
1008,11-Nov,0,0,NA
1008,14-Nov,0,0,NA
1008,18-Nov,6,0.5454545454545454,NA
1008,21-Nov,10,0.9090909090909091,NA
1008,25-Nov,11,1,NA
1008,28-Nov,11,1,NA
1008,2-Dec,11,1,NA
1009,30-Oct,0,0,NA
1009,1-Nov,0,0,NA
1009,5-Nov,0,0,NA
1009,7-Nov,0,0,NA
1009,11-Nov,0,0,NA
1009,14-Nov,0,0,NA
1009,18-Nov,0,0,NA
1009,21-Nov,2,0.15384615384615385,NA
1009,25-Nov,11,0.8461538461538461,NA
1009,28-Nov,13,1,NA
1009,2-Dec,13,1,NA
1010,30-Oct,0,0,NA
1010,1-Nov,0,0,NA
1010,5-Nov,0,0,NA
1010,7-Nov,0,0,NA
1010,11-Nov,0,0,NA
1010,14-Nov,1,0.125,NA
1010,18-Nov,6,0.75,NA
1010,21-Nov,7,0.875,NA
1010,25-Nov,8,1,NA
1010,28-Nov,8,1,NA
1010,2-Dec,8,1,NA
1011,30-Oct,0,0,NA
1011,1-Nov,0,0,NA
1011,5-Nov,0,0,NA
1011,7-Nov,0,0,NA
1011,11-Nov,1,0.045454545454545456,NA
1011,14-Nov,9,0.4090909090909091,NA
1011,18-Nov,18,0.8181818181818182,NA
1011,21-Nov,21,0.9545454545454546,NA
1011,25-Nov,22,1,NA
1011,28-Nov,22,1,NA
1011,2-Dec,22,1,NA
1012,30-Oct,0,0,NA
1012,1-Nov,0,0,NA
1012,5-Nov,0,0,NA
1012,7-Nov,0,0,NA
1012,11-Nov,3,0.12,NA
1012,14-Nov,6,0.24,NA
1012,18-Nov,16,0.64,NA
1012,21-Nov,20,0.8,NA
1012,25-Nov,25,1,NA
1012,28-Nov,25,1,NA
1012,2-Dec,25,1,NA
1013,30-Oct,0,0,NA
1013,1-Nov,0,0,NA
1013,5-Nov,0,0,NA
1013,7-Nov,0,0,NA
1013,11-Nov,0,0,NA
1013,14-Nov,9,0.5625,NA
1013,18-Nov,13,0.8125,NA
1013,21-Nov,15,0.9375,NA
1013,25-Nov,16,1,NA
1013,28-Nov,16,1,NA
1013,2-Dec,16,1,NA
1014,30-Oct,0,0,NA
1014,1-Nov,0,0,NA
1014,5-Nov,0,0,NA
1014,7-Nov,0,0,NA
1014,11-Nov,0,0,NA
1014,14-Nov,0,0,NA
1014,18-Nov,20,0.7407407407407407,NA
1014,21-Nov,24,0.8888888888888888,NA
1014,25-Nov,27,1,NA
1014,28-Nov,27,1,NA
1014,2-Dec,27,1,NA
1015,30-Oct,0,0,NA
1015,1-Nov,0,0,NA
1015,5-Nov,0,0,NA
1015,7-Nov,0,0,NA
1015,11-Nov,0,0,NA
1015,14-Nov,2,0.08,NA
1015,18-Nov,14,0.56,NA
1015,21-Nov,18,0.72,NA
1015,25-Nov,25,1,NA
1015,28-Nov,25,1,NA
1015,2-Dec,25,1,NA
1016,30-Oct,0,0,NA
1016,1-Nov,0,0,NA
1016,5-Nov,0,0,NA
1016,7-Nov,0,0,NA
1016,11-Nov,6,0.16216216216216217,NA
1016,14-Nov,14,0.3783783783783784,NA
1016,18-Nov,23,0.6216216216216216,NA
1016,21-Nov,27,0.7297297297297297,NA
1016,25-Nov,35,0.9459459459459459,NA
1016,28-Nov,36,0.972972972972973,NA
1016,2-Dec,37,1,NA
1017,30-Oct,0,0,NA
1017,1-Nov,0,0,NA
1017,5-Nov,0,0,NA
1017,7-Nov,0,0,NA
1017,11-Nov,0,0,NA
1017,14-Nov,0,0,NA
1017,18-Nov,0,0,NA
1017,21-Nov,3,0.2,NA
1017,25-Nov,12,0.8,NA
1017,28-Nov,15,1,NA
1017,2-Dec,15,1,NA
1018,30-Oct,0,0,NA
1018,1-Nov,0,0,NA
1018,5-Nov,0,0,NA
1018,7-Nov,0,0,NA
1018,11-Nov,0,0,NA
1018,14-Nov,1,0.05,NA
1018,18-Nov,4,0.2,NA
1018,21-Nov,13,0.65,NA
1018,25-Nov,20,1,NA
1018,28-Nov,20,1,NA
1018,2-Dec,20,1,NA
1019,30-Oct,0,0,NA
1019,1-Nov,0,0,NA
1019,5-Nov,0,0,NA
1019,7-Nov,0,0,NA
1019,11-Nov,3,0.14285714285714285,NA
1019,14-Nov,10,0.47619047619047616,NA
1019,18-Nov,18,0.8571428571428571,NA
1019,21-Nov,20,0.9523809523809523,NA
1019,25-Nov,20,0.9523809523809523,NA
1019,28-Nov,21,1,NA
1019,2-Dec,21,1,NA
1020,30-Oct,0,0,NA
1020,1-Nov,0,0,NA
1020,5-Nov,0,0,NA
1020,7-Nov,0,0,NA
1020,11-Nov,3,0.13636363636363635,NA
1020,14-Nov,8,0.36363636363636365,NA
1020,18-Nov,18,0.8181818181818182,NA
1020,21-Nov,19,0.8636363636363636,NA
1020,25-Nov,22,1,NA
1020,28-Nov,22,1,NA
1020,2-Dec,22,1,NA
1021,30-Oct,0,0,NA
1021,1-Nov,0,0,NA
1021,5-Nov,0,0,NA
1021,7-Nov,0,0,NA
1021,11-Nov,0,0,NA
1021,14-Nov,2,0.13333333333333333,NA
1021,18-Nov,9,0.6,NA
1021,21-Nov,13,0.8666666666666667,NA
1021,25-Nov,15,1,NA
1021,28-Nov,15,1,NA
1021,2-Dec,15,1,NA
1022,30-Oct,0,0,NA
1022,1-Nov,0,0,NA
1022,5-Nov,0,0,NA
1022,7-Nov,0,0,NA
1022,11-Nov,3,0.1,NA
1022,14-Nov,19,0.6333333333333333,NA
1022,18-Nov,28,0.9333333333333333,NA
1022,21-Nov,28,0.9333333333333333,NA
1022,25-Nov,30,1,NA
1022,28-Nov,30,1,NA
1022,2-Dec,30,1,NA
1023,30-Oct,0,0,NA
1023,1-Nov,0,0,NA
1023,5-Nov,0,0,NA
1023,7-Nov,0,0,NA
1023,11-Nov,0,0,NA
1023,14-Nov,0,0,NA
1023,18-Nov,9,0.4090909090909091,NA
1023,21-Nov,21,0.9545454545454546,NA
1023,25-Nov,22,1,NA
1023,28-Nov,22,1,NA
1023,2-Dec,22,1,NA
1024,30-Oct,0,0,NA
1024,1-Nov,0,0,NA
1024,5-Nov,0,0,NA
1024,7-Nov,0,0,NA
1024,11-Nov,16,0.7272727272727273,NA
1024,14-Nov,17,0.7727272727272727,NA
1024,18-Nov,22,1,NA
1024,21-Nov,22,1,Value smaller than max: previous = 20 : new = 22
1024,25-Nov,22,1,NA
1024,28-Nov,22,1,NA
1024,2-Dec,22,1,NA
1049,30-Oct,0,0,NA
1049,1-Nov,0,0,NA
1049,5-Nov,0,0,NA
1049,7-Nov,0,0,NA
1049,11-Nov,0,0,NA
1049,14-Nov,0,0,NA
1049,18-Nov,6,0.6666666666666666,NA
1049,21-Nov,8,0.8888888888888888,NA
1049,25-Nov,9,1,NA
1049,28-Nov,9,1,NA
1049,2-Dec,9,1,NA
1050,30-Oct,0,0,NA
1050,1-Nov,0,0,NA
1050,5-Nov,0,0,NA
1050,7-Nov,0,0,NA
1050,11-Nov,0,0,NA
1050,14-Nov,3,0.1875,NA
1050,18-Nov,12,0.75,NA
1050,21-Nov,14,0.875,NA
1050,25-Nov,16,1,NA
1050,28-Nov,16,1,NA
1050,2-Dec,16,1,NA
1051,30-Oct,0,0,NA
1051,1-Nov,0,0,NA
1051,5-Nov,0,0,NA
1051,7-Nov,0,0,NA
1051,11-Nov,0,0,NA
1051,14-Nov,0,0,NA
1051,18-Nov,0,0,NA
1051,21-Nov,1,0.09090909090909091,NA
1051,25-Nov,10,0.9090909090909091,NA
1051,28-Nov,10,0.9090909090909091,NA
1051,2-Dec,11,1,NA
1052,30-Oct,0,0,NA
1052,1-Nov,0,0,NA
1052,5-Nov,0,0,NA
1052,7-Nov,0,0,NA
1052,11-Nov,0,0,NA
1052,14-Nov,0,0,NA
1052,18-Nov,5,0.21739130434782608,NA
1052,21-Nov,19,0.8260869565217391,NA
1052,25-Nov,23,1,NA
1052,28-Nov,23,1,NA
1052,2-Dec,23,1,NA
1053,30-Oct,0,0,NA
1053,1-Nov,0,0,NA
1053,5-Nov,0,0,NA
1053,7-Nov,0,0,NA
1053,11-Nov,0,0,NA
1053,14-Nov,3,0.15,NA
1053,18-Nov,13,0.65,NA
1053,21-Nov,20,1,NA
1053,25-Nov,20,1,NA
1053,28-Nov,20,1,NA
1053,2-Dec,20,1,NA
1054,30-Oct,0,0,NA
1054,1-Nov,0,0,NA
1054,5-Nov,0,0,NA
1054,7-Nov,0,0,NA
1054,11-Nov,0,0,NA
1054,14-Nov,0,0,NA
1054,18-Nov,2,0.3333333333333333,NA
1054,21-Nov,3,0.5,NA
1054,25-Nov,6,1,NA
1054,28-Nov,6,1,NA
1054,2-Dec,6,1,NA
1055,30-Oct,0,0,NA
1055,1-Nov,0,0,NA
1055,5-Nov,0,0,NA
1055,7-Nov,0,0,NA
1055,11-Nov,0,0,NA
1055,14-Nov,0,0,NA
1055,18-Nov,5,0.7142857142857143,NA
1055,21-Nov,7,1,NA
1055,25-Nov,7,1,NA
1055,28-Nov,7,1,NA
1055,2-Dec,7,1,NA
1056,30-Oct,0,0,NA
1056,1-Nov,0,0,NA
1056,5-Nov,0,0,NA
1056,7-Nov,0,0,NA
1056,11-Nov,0,0,NA
1056,14-Nov,0,0,NA
1056,18-Nov,0,0,NA
1056,21-Nov,2,0.4,NA
1056,25-Nov,4,0.8,NA
1056,28-Nov,5,1,NA
1056,2-Dec,5,1,NA
1057,30-Oct,0,0,NA
1057,1-Nov,0,0,NA
1057,5-Nov,0,0,NA
1057,7-Nov,0,0,NA
1057,11-Nov,0,0,NA
1057,14-Nov,0,0,NA
1057,18-Nov,0,0,NA
1057,21-Nov,5,0.35714285714285715,NA
1057,25-Nov,14,1,NA
1057,28-Nov,14,1,NA
1057,2-Dec,14,1,NA
1058,30-Oct,0,0,NA
1058,1-Nov,0,0,NA
1058,5-Nov,0,0,NA
1058,7-Nov,0,0,NA
1058,11-Nov,0,0,NA
1058,14-Nov,1,0.037037037037037035,NA
1058,18-Nov,1,0.037037037037037035,Value smaller than max: previous = 0 : new = 1
1058,21-Nov,4,0.14814814814814814,NA
1058,25-Nov,18,0.6666666666666666,NA
1058,28-Nov,24,0.8888888888888888,NA
1058,2-Dec,27,1,NA
1059,30-Oct,0,0,NA
1059,1-Nov,0,0,NA
1059,5-Nov,0,0,NA
1059,7-Nov,0,0,NA
1059,11-Nov,0,0,NA
1059,14-Nov,0,0,NA
1059,18-Nov,3,0.1875,NA
1059,21-Nov,8,0.5,NA
1059,25-Nov,15,0.9375,NA
1059,28-Nov,15,0.9375,NA
1059,2-Dec,16,1,NA
1060,30-Oct,0,0,NA
1060,1-Nov,0,0,NA
1060,5-Nov,0,0,NA
1060,7-Nov,0,0,NA
1060,11-Nov,0,0,NA
1060,14-Nov,0,0,NA
1060,18-Nov,7,0.3888888888888889,NA
1060,21-Nov,13,0.7222222222222222,NA
1060,25-Nov,18,1,NA
1060,28-Nov,18,1,NA
1060,2-Dec,18,1,NA
1061,30-Oct,0,0,NA
1061,1-Nov,0,0,NA
1061,5-Nov,0,0,NA
1061,7-Nov,0,0,NA
1061,11-Nov,0,0,NA
1061,14-Nov,0,0,NA
1061,18-Nov,5,0.3333333333333333,NA
1061,21-Nov,13,0.8666666666666667,NA
1061,25-Nov,15,1,NA
1061,28-Nov,15,1,NA
1061,2-Dec,15,1,NA
1062,30-Oct,0,0,NA
1062,1-Nov,0,0,NA
1062,5-Nov,0,0,NA
1062,7-Nov,0,0,NA
1062,11-Nov,5,0.13513513513513514,NA
1062,14-Nov,10,0.2702702702702703,NA
1062,18-Nov,30,0.8108108108108109,NA
1062,21-Nov,34,0.918918918918919,NA
1062,25-Nov,37,1,NA
1062,28-Nov,37,1,NA
1062,2-Dec,37,1,NA
1063,30-Oct,0,0,NA
1063,1-Nov,0,0,NA
1063,5-Nov,0,0,NA
1063,7-Nov,0,0,NA
1063,11-Nov,0,0,NA
1063,14-Nov,3,0.09375,NA
1063,18-Nov,13,0.40625,NA
1063,21-Nov,18,0.5625,NA
1063,25-Nov,30,0.9375,NA
1063,28-Nov,32,1,NA
1063,2-Dec,32,1,NA
1064,30-Oct,0,0,NA
1064,1-Nov,0,0,NA
1064,5-Nov,0,0,NA
1064,7-Nov,0,0,NA
1064,11-Nov,1,0.03333333333333333,NA
1064,14-Nov,6,0.2,NA
1064,18-Nov,9,0.3,NA
1064,21-Nov,21,0.7,NA
1064,25-Nov,30,1,NA
1064,28-Nov,30,1,NA
1064,2-Dec,30,1,NA
1065,30-Oct,0,0,NA
1065,1-Nov,0,0,NA
1065,5-Nov,0,0,NA
1065,7-Nov,0,0,NA
1065,11-Nov,0,0,NA
1065,14-Nov,0,0,NA
1065,18-Nov,5,0.2777777777777778,NA
1065,21-Nov,9,0.5,NA
1065,25-Nov,17,0.9444444444444444,NA
1065,28-Nov,18,1,NA
1065,2-Dec,18,1,NA
1066,30-Oct,0,0,NA
1066,1-Nov,0,0,NA
1066,5-Nov,0,0,NA
1066,7-Nov,0,0,NA
1066,11-Nov,1,0.125,NA
1066,14-Nov,3,0.375,NA
1066,18-Nov,6,0.75,NA
1066,21-Nov,7,0.875,NA
1066,25-Nov,8,1,NA
1066,28-Nov,8,1,NA
1066,2-Dec,8,1,NA
1067,30-Oct,0,0,NA
1067,1-Nov,0,0,NA
1067,5-Nov,0,0,NA
1067,7-Nov,0,0,NA
1067,11-Nov,1,0.058823529411764705,NA
1067,14-Nov,4,0.23529411764705882,NA
1067,18-Nov,15,0.8823529411764706,NA
1067,21-Nov,17,1,NA
1067,25-Nov,17,1,NA
1067,28-Nov,17,1,NA
1067,2-Dec,17,1,NA
1068,30-Oct,0,0,NA
1068,1-Nov,0,0,NA
1068,5-Nov,0,0,NA
1068,7-Nov,0,0,NA
1068,11-Nov,0,0,NA
1068,14-Nov,0,0,NA
1068,18-Nov,0,0,NA
1068,21-Nov,1,0.16666666666666666,NA
1068,25-Nov,5,0.8333333333333334,NA
1068,28-Nov,6,1,NA
1068,2-Dec,6,1,NA
1069,30-Oct,0,0,NA
1069,1-Nov,0,0,NA
1069,5-Nov,0,0,NA
1069,7-Nov,0,0,NA
1069,11-Nov,0,0,NA
1069,14-Nov,0,0,NA
1069,18-Nov,0,0,NA
1069,21-Nov,6,0.5454545454545454,NA
1069,25-Nov,10,0.9090909090909091,NA
1069,28-Nov,11,1,NA
1069,2-Dec,11,1,NA
1070,30-Oct,0,0,NA
1070,1-Nov,0,0,NA
1070,5-Nov,0,0,NA
1070,7-Nov,0,0,NA
1070,11-Nov,0,0,NA
1070,14-Nov,0,0,NA
1070,18-Nov,6,0.3,NA
1070,21-Nov,10,0.5,NA
1070,25-Nov,17,0.85,NA
1070,28-Nov,19,0.95,NA
1070,2-Dec,20,1,NA
1071,30-Oct,0,0,NA
1071,1-Nov,0,0,NA
1071,5-Nov,0,0,NA
1071,7-Nov,0,0,NA
1071,11-Nov,0,0,NA
1071,14-Nov,0,0,NA
1071,18-Nov,3,0.125,NA
1071,21-Nov,11,0.4583333333333333,NA
1071,25-Nov,23,0.9583333333333334,NA
1071,28-Nov,24,1,NA
1071,2-Dec,24,1,NA
1072,30-Oct,0,0,NA
1072,1-Nov,0,0,NA
1072,5-Nov,0,0,NA
1072,7-Nov,0,0,NA
1072,11-Nov,0,0,NA
1072,14-Nov,0,0,NA
1072,18-Nov,5,0.18518518518518517,NA
1072,21-Nov,11,0.4074074074074074,NA
1072,25-Nov,27,1,NA
1072,28-Nov,27,1,NA
1072,2-Dec,27,1,NA
1097,30-Oct,0,0,NA
1097,1-Nov,0,0,NA
1097,5-Nov,0,0,NA
1097,7-Nov,0,0,NA
1097,11-Nov,0,0,NA
1097,14-Nov,3,0.12,NA
1097,18-Nov,9,0.36,NA
1097,21-Nov,20,0.8,NA
1097,25-Nov,25,1,NA
1097,28-Nov,25,1,NA
1097,2-Dec,25,1,NA
1098,30-Oct,0,0,NA
1098,1-Nov,0,0,NA
1098,5-Nov,0,0,NA
1098,7-Nov,0,0,NA
1098,11-Nov,3,0.15789473684210525,NA
1098,14-Nov,4,0.21052631578947367,NA
1098,18-Nov,9,0.47368421052631576,NA
1098,21-Nov,15,0.7894736842105263,NA
1098,25-Nov,19,1,NA
1098,28-Nov,19,1,NA
1098,2-Dec,19,1,NA
1099,30-Oct,0,0,NA
1099,1-Nov,0,0,NA
1099,5-Nov,0,0,NA
1099,7-Nov,0,0,NA
1099,11-Nov,0,0,NA
1099,14-Nov,0,0,NA
1099,18-Nov,1,0.1,NA
1099,21-Nov,3,0.3,NA
1099,25-Nov,7,0.7,NA
1099,28-Nov,10,1,NA
1099,2-Dec,10,1,NA
1100,30-Oct,0,0,NA
1100,1-Nov,0,0,NA
1100,5-Nov,0,0,NA
1100,7-Nov,0,0,NA
1100,11-Nov,2,0.1111111111111111,NA
1100,14-Nov,3,0.16666666666666666,NA
1100,18-Nov,8,0.4444444444444444,NA
1100,21-Nov,14,0.7777777777777778,NA
1100,25-Nov,17,0.9444444444444444,NA
1100,28-Nov,18,1,NA
1100,2-Dec,18,1,NA
1101,30-Oct,0,0,NA
1101,1-Nov,0,0,NA
1101,5-Nov,0,0,NA
1101,7-Nov,0,0,NA
1101,11-Nov,1,0.14285714285714285,NA
1101,14-Nov,3,0.42857142857142855,NA
1101,18-Nov,6,0.8571428571428571,NA
1101,21-Nov,6,0.8571428571428571,NA
1101,25-Nov,7,1,NA
1101,28-Nov,7,1,NA
1101,2-Dec,7,1,NA
1102,30-Oct,0,0,NA
1102,1-Nov,0,0,NA
1102,5-Nov,0,0,NA
1102,7-Nov,0,0,NA
1102,11-Nov,0,0,NA
1102,14-Nov,0,0,NA
1102,18-Nov,2,0.18181818181818182,NA
1102,21-Nov,3,0.2727272727272727,NA
1102,25-Nov,11,1,NA
1102,28-Nov,11,1,NA
1102,2-Dec,11,1,NA
1103,30-Oct,0,0,NA
1103,1-Nov,0,0,NA
1103,5-Nov,0,0,NA
1103,7-Nov,0,0,NA
1103,11-Nov,0,0,NA
1103,14-Nov,2,0.0625,NA
1103,18-Nov,20,0.625,NA
1103,21-Nov,24,0.75,NA
1103,25-Nov,31,0.96875,NA
1103,28-Nov,32,1,NA
1103,2-Dec,32,1,NA
1104,30-Oct,0,0,NA
1104,1-Nov,0,0,NA
1104,5-Nov,0,0,NA
1104,7-Nov,0,0,NA
1104,11-Nov,4,0.13333333333333333,NA
1104,14-Nov,25,0.8333333333333334,NA
1104,18-Nov,28,0.9333333333333333,NA
1104,21-Nov,28,0.9333333333333333,NA
1104,25-Nov,30,1,NA
1104,28-Nov,30,1,NA
1104,2-Dec,30,1,NA
1105,30-Oct,0,0,NA
1105,1-Nov,0,0,NA
1105,5-Nov,0,0,NA
1105,7-Nov,0,0,NA
1105,11-Nov,0,0,NA
1105,14-Nov,0,0,NA
1105,18-Nov,5,0.1724137931034483,NA
1105,21-Nov,17,0.5862068965517241,NA
1105,25-Nov,28,0.9655172413793104,NA
1105,28-Nov,29,1,NA
1105,2-Dec,29,1,NA
1106,30-Oct,0,0,NA
1106,1-Nov,0,0,NA
1106,5-Nov,0,0,NA
1106,7-Nov,0,0,NA
1106,11-Nov,4,0.14814814814814814,NA
1106,14-Nov,4,0.14814814814814814,NA
1106,18-Nov,19,0.7037037037037037,NA
1106,21-Nov,22,0.8148148148148148,NA
1106,25-Nov,27,1,NA
1106,28-Nov,27,1,NA
1106,2-Dec,27,1,NA
1107,30-Oct,0,0,NA
1107,1-Nov,0,0,NA
1107,5-Nov,0,0,NA
1107,7-Nov,0,0,NA
1107,11-Nov,1,0.06666666666666667,NA
1107,14-Nov,1,0.06666666666666667,NA
1107,18-Nov,7,0.4666666666666667,NA
1107,21-Nov,13,0.8666666666666667,NA
1107,25-Nov,15,1,NA
1107,28-Nov,15,1,NA
1107,2-Dec,15,1,NA
1108,30-Oct,0,0,NA
1108,1-Nov,0,0,NA
1108,5-Nov,0,0,NA
1108,7-Nov,0,0,NA
1108,11-Nov,0,0,NA
1108,14-Nov,9,0.391304347826087,NA
1108,18-Nov,21,0.9130434782608695,NA
1108,21-Nov,22,0.9565217391304348,NA
1108,25-Nov,23,1,NA
1108,28-Nov,23,1,NA
1108,2-Dec,23,1,NA
1109,30-Oct,0,0,NA
1109,1-Nov,0,0,NA
1109,5-Nov,0,0,NA
1109,7-Nov,0,0,NA
1109,11-Nov,0,0,NA
1109,14-Nov,0,0,NA
1109,18-Nov,1,0.027777777777777776,NA
1109,21-Nov,10,0.2777777777777778,NA
1109,25-Nov,34,0.9444444444444444,NA
1109,28-Nov,36,1,NA
1109,2-Dec,36,1,NA
1110,30-Oct,0,0,NA
1110,1-Nov,0,0,NA
1110,5-Nov,0,0,NA
1110,7-Nov,0,0,NA
1110,11-Nov,1,0.045454545454545456,NA
1110,14-Nov,3,0.13636363636363635,NA
1110,18-Nov,15,0.6818181818181818,NA
1110,21-Nov,21,0.9545454545454546,NA
1110,25-Nov,22,1,NA
1110,28-Nov,22,1,NA
1110,2-Dec,22,1,NA
1111,30-Oct,0,0,NA
1111,1-Nov,0,0,NA
1111,5-Nov,0,0,NA
1111,7-Nov,0,0,NA
1111,11-Nov,5,0.29411764705882354,NA
1111,14-Nov,10,0.5882352941176471,NA
1111,18-Nov,17,1,NA
1111,21-Nov,17,1,NA
1111,25-Nov,17,1,NA
1111,28-Nov,17,1,NA
1111,2-Dec,17,1,NA
1112,30-Oct,0,0,NA
1112,1-Nov,0,0,NA
1112,5-Nov,0,0,NA
1112,7-Nov,0,0,NA
1112,11-Nov,8,0.2857142857142857,NA
1112,14-Nov,13,0.4642857142857143,NA
1112,18-Nov,26,0.9285714285714286,NA
1112,21-Nov,27,0.9642857142857143,NA
1112,25-Nov,28,1,NA
1112,28-Nov,28,1,NA
1112,2-Dec,28,1,NA
1113,30-Oct,0,0,NA
1113,1-Nov,0,0,NA
1113,5-Nov,0,0,NA
1113,7-Nov,0,0,NA
1113,11-Nov,8,0.5714285714285714,NA
1113,14-Nov,9,0.6428571428571429,NA
1113,18-Nov,13,0.9285714285714286,NA
1113,21-Nov,14,1,NA
1113,25-Nov,14,1,NA
1113,28-Nov,14,1,NA
1113,2-Dec,14,1,NA
1114,30-Oct,0,0,NA
1114,1-Nov,0,0,NA
1114,5-Nov,0,0,NA
1114,7-Nov,0,0,NA
1114,11-Nov,0,0,NA
1114,14-Nov,1,0.0625,NA
1114,18-Nov,8,0.5,NA
1114,21-Nov,14,0.875,NA
1114,25-Nov,15,0.9375,NA
1114,28-Nov,16,1,NA
1114,2-Dec,16,1,NA
1115,30-Oct,0,0,NA
1115,1-Nov,0,0,NA
1115,5-Nov,0,0,NA
1115,7-Nov,0,0,NA
1115,11-Nov,0,0,NA
1115,14-Nov,5,0.17857142857142858,NA
1115,18-Nov,17,0.6071428571428571,NA
1115,21-Nov,24,0.8571428571428571,NA
1115,25-Nov,28,1,NA
1115,28-Nov,28,1,NA
1115,2-Dec,28,1,NA
1116,30-Oct,0,0,NA
1116,1-Nov,0,0,NA
1116,5-Nov,0,0,NA
1116,7-Nov,0,0,NA
1116,11-Nov,5,0.5,NA
1116,14-Nov,8,0.8,NA
1116,18-Nov,9,0.9,NA
1116,21-Nov,9,0.9,NA
1116,25-Nov,10,1,NA
1116,28-Nov,10,1,NA
1116,2-Dec,10,1,NA
1117,30-Oct,0,0,NA
1117,1-Nov,0,0,NA
1117,5-Nov,0,0,NA
1117,7-Nov,0,0,NA
1117,11-Nov,3,0.14285714285714285,NA
1117,14-Nov,3,0.14285714285714285,NA
1117,18-Nov,4,0.19047619047619047,NA
1117,21-Nov,10,0.47619047619047616,NA
1117,25-Nov,20,0.9523809523809523,NA
1117,28-Nov,21,1,NA
1117,2-Dec,21,1,NA
1118,30-Oct,0,0,NA
1118,1-Nov,0,0,NA
1118,5-Nov,0,0,NA
1118,7-Nov,0,0,NA
1118,11-Nov,0,0,NA
1118,14-Nov,3,0.13636363636363635,NA
1118,18-Nov,10,0.45454545454545453,NA
1118,21-Nov,18,0.8181818181818182,NA
1118,25-Nov,22,1,NA
1118,28-Nov,22,1,NA
1118,2-Dec,22,1,NA
1119,30-Oct,0,0,NA
1119,1-Nov,0,0,NA
1119,5-Nov,0,0,NA
1119,7-Nov,0,0,NA
1119,11-Nov,0,0,NA
1119,14-Nov,2,0.3333333333333333,NA
1119,18-Nov,4,0.6666666666666666,NA
1119,21-Nov,5,0.8333333333333334,NA
1119,25-Nov,6,1,NA
1119,28-Nov,6,1,NA
1119,2-Dec,6,1,NA
1120,30-Oct,0,0,NA
1120,1-Nov,0,0,NA
1120,5-Nov,0,0,NA
1120,7-Nov,0,0,NA
1120,11-Nov,1,0.058823529411764705,NA
1120,14-Nov,5,0.29411764705882354,NA
1120,18-Nov,10,0.5882352941176471,NA
1120,21-Nov,14,0.8235294117647058,NA
1120,25-Nov,17,1,NA
1120,28-Nov,17,1,NA
1120,2-Dec,17,1,NA
1145,30-Oct,0,0,NA
1145,1-Nov,0,0,NA
1145,5-Nov,0,0,NA
1145,7-Nov,0,0,NA
1145,11-Nov,0,0,NA
1145,14-Nov,0,0,NA
1145,18-Nov,22,0.6111111111111112,NA
1145,21-Nov,33,0.9166666666666666,NA
1145,25-Nov,36,1,NA
1145,28-Nov,36,1,NA
1145,2-Dec,36,1,NA
1146,30-Oct,0,0,NA
1146,1-Nov,0,0,NA
1146,5-Nov,0,0,NA
1146,7-Nov,0,0,NA
1146,11-Nov,7,0.3888888888888889,NA
1146,14-Nov,8,0.4444444444444444,NA
1146,18-Nov,12,0.6666666666666666,NA
1146,21-Nov,15,0.8333333333333334,NA
1146,25-Nov,18,1,NA
1146,28-Nov,18,1,NA
1146,2-Dec,18,1,NA
1147,30-Oct,0,0,NA
1147,1-Nov,0,0,NA
1147,5-Nov,0,0,NA
1147,7-Nov,0,0,NA
1147,11-Nov,0,0,NA
1147,14-Nov,1,0.07692307692307693,NA
1147,18-Nov,5,0.38461538461538464,NA
1147,21-Nov,11,0.8461538461538461,NA
1147,25-Nov,12,0.9230769230769231,NA
1147,28-Nov,13,1,NA
1147,2-Dec,13,1,NA
1148,30-Oct,0,0,NA
1148,1-Nov,0,0,NA
1148,5-Nov,0,0,NA
1148,7-Nov,0,0,NA
1148,11-Nov,7,0.28,NA
1148,14-Nov,18,0.72,NA
1148,18-Nov,25,1,NA
1148,21-Nov,25,1,NA
1148,25-Nov,25,1,NA
1148,28-Nov,25,1,NA
1148,2-Dec,25,1,NA
1149,30-Oct,0,0,NA
1149,1-Nov,0,0,NA
1149,5-Nov,0,0,NA
1149,7-Nov,0,0,NA
1149,11-Nov,0,0,NA
1149,14-Nov,4,0.21052631578947367,NA
1149,18-Nov,12,0.631578947368421,NA
1149,21-Nov,15,0.7894736842105263,NA
1149,25-Nov,19,1,NA
1149,28-Nov,19,1,NA
1149,2-Dec,19,1,NA
1150,30-Oct,0,0,NA
1150,1-Nov,0,0,NA
1150,5-Nov,0,0,NA
1150,7-Nov,0,0,NA
1150,11-Nov,0,0,NA
1150,14-Nov,0,0,NA
1150,18-Nov,3,0.16666666666666666,NA
1150,21-Nov,7,0.3888888888888889,NA
1150,25-Nov,18,1,NA
1150,28-Nov,18,1,NA
1150,2-Dec,18,1,NA
1151,30-Oct,0,0,NA
1151,1-Nov,0,0,NA
1151,5-Nov,0,0,NA
1151,7-Nov,0,0,NA
1151,11-Nov,0,0,NA
1151,14-Nov,0,0,NA
1151,18-Nov,14,0.4666666666666667,NA
1151,21-Nov,26,0.8666666666666667,NA
1151,25-Nov,30,1,NA
1151,28-Nov,30,1,NA
1151,2-Dec,30,1,NA
1152,30-Oct,0,0,NA
1152,1-Nov,0,0,NA
1152,5-Nov,0,0,NA
1152,7-Nov,0,0,NA
1152,11-Nov,0,0,NA
1152,14-Nov,6,0.20689655172413793,NA
1152,18-Nov,23,0.7931034482758621,NA
1152,21-Nov,27,0.9310344827586207,NA
1152,25-Nov,29,1,NA
1152,28-Nov,29,1,NA
1152,2-Dec,29,1,NA
1153,30-Oct,0,0,NA
1153,1-Nov,0,0,NA
1153,5-Nov,0,0,NA
1153,7-Nov,0,0,NA
1153,11-Nov,28,0.6222222222222222,NA
1153,14-Nov,40,0.8888888888888888,NA
1153,18-Nov,45,1,NA
1153,21-Nov,45,1,NA
1153,25-Nov,45,1,NA
1153,28-Nov,45,1,NA
1153,2-Dec,45,1,NA
1154,30-Oct,0,0,NA
1154,1-Nov,0,0,NA
1154,5-Nov,0,0,NA
1154,7-Nov,0,0,NA
1154,11-Nov,1,0.047619047619047616,NA
1154,14-Nov,1,0.047619047619047616,NA
1154,18-Nov,13,0.6190476190476191,NA
1154,21-Nov,21,1,NA
1154,25-Nov,21,1,NA
1154,28-Nov,21,1,NA
1154,2-Dec,21,1,NA
1155,30-Oct,0,0,NA
1155,1-Nov,0,0,NA
1155,5-Nov,0,0,NA
1155,7-Nov,0,0,NA
1155,11-Nov,1,0.03333333333333333,NA
1155,14-Nov,2,0.06666666666666667,NA
1155,18-Nov,14,0.4666666666666667,NA
1155,21-Nov,26,0.8666666666666667,NA
1155,25-Nov,30,1,NA
1155,28-Nov,30,1,NA
1155,2-Dec,30,1,NA
1156,30-Oct,0,0,NA
1156,1-Nov,0,0,NA
1156,5-Nov,0,0,NA
1156,7-Nov,0,0,NA
1156,11-Nov,21,0.525,NA
1156,14-Nov,30,0.75,NA
1156,18-Nov,40,1,NA
1156,21-Nov,40,1,NA
1156,25-Nov,40,1,NA
1156,28-Nov,40,1,NA
1156,2-Dec,40,1,NA
1157,30-Oct,0,0,NA
1157,1-Nov,0,0,NA
1157,5-Nov,0,0,NA
1157,7-Nov,0,0,NA
1157,11-Nov,0,0,NA
1157,14-Nov,39,0.609375,NA
1157,18-Nov,63,0.984375,NA
1157,21-Nov,63,0.984375,NA
1157,25-Nov,64,1,NA
1157,28-Nov,64,1,NA
1157,2-Dec,64,1,NA
1158,30-Oct,0,0,NA
1158,1-Nov,0,0,NA
1158,5-Nov,0,0,NA
1158,7-Nov,0,0,NA
1158,11-Nov,6,0.16216216216216217,NA
1158,14-Nov,17,0.4594594594594595,NA
1158,18-Nov,33,0.8918918918918919,NA
1158,21-Nov,36,0.972972972972973,NA
1158,25-Nov,37,1,NA
1158,28-Nov,37,1,NA
1158,2-Dec,37,1,NA
1159,30-Oct,0,0,NA
1159,1-Nov,0,0,NA
1159,5-Nov,0,0,NA
1159,7-Nov,0,0,NA
1159,11-Nov,0,0,NA
1159,14-Nov,4,0.07272727272727272,NA
1159,18-Nov,25,0.45454545454545453,NA
1159,21-Nov,49,0.8909090909090909,NA
1159,25-Nov,55,1,NA
1159,28-Nov,55,1,NA
1159,2-Dec,55,1,NA
1160,30-Oct,0,0,NA
1160,1-Nov,0,0,NA
1160,5-Nov,0,0,NA
1160,7-Nov,0,0,NA
1160,11-Nov,0,0,NA
1160,14-Nov,3,0.07317073170731707,NA
1160,18-Nov,19,0.4634146341463415,NA
1160,21-Nov,37,0.9024390243902439,NA
1160,25-Nov,41,1,NA
1160,28-Nov,41,1,NA
1160,2-Dec,41,1,NA
1161,30-Oct,0,0,NA
1161,1-Nov,0,0,NA
1161,5-Nov,0,0,NA
1161,7-Nov,0,0,NA
1161,11-Nov,3,0.1111111111111111,NA
1161,14-Nov,13,0.48148148148148145,NA
1161,18-Nov,24,0.8888888888888888,NA
1161,21-Nov,26,0.9629629629629629,NA
1161,25-Nov,27,1,NA
1161,28-Nov,27,1,NA
1161,2-Dec,27,1,NA
1162,30-Oct,0,0,NA
1162,1-Nov,0,0,NA
1162,5-Nov,0,0,NA
1162,7-Nov,0,0,NA
1162,11-Nov,4,0.2222222222222222,NA
1162,14-Nov,4,0.2222222222222222,NA
1162,18-Nov,15,0.8333333333333334,NA
1162,21-Nov,18,1,NA
1162,25-Nov,18,1,NA
1162,28-Nov,18,1,NA
1162,2-Dec,18,1,NA
1163,30-Oct,0,0,NA
1163,1-Nov,0,0,NA
1163,5-Nov,0,0,NA
1163,7-Nov,0,0,NA
1163,11-Nov,0,0,NA
1163,14-Nov,13,0.28888888888888886,NA
1163,18-Nov,35,0.7777777777777778,NA
1163,21-Nov,38,0.8444444444444444,NA
1163,25-Nov,44,0.9777777777777777,NA
1163,28-Nov,45,1,NA
1163,2-Dec,45,1,NA
1164,30-Oct,0,0,NA
1164,1-Nov,0,0,NA
1164,5-Nov,0,0,NA
1164,7-Nov,0,0,NA
1164,11-Nov,0,0,NA
1164,14-Nov,2,0.0625,NA
1164,18-Nov,10,0.3125,NA
1164,21-Nov,16,0.5,NA
1164,25-Nov,30,0.9375,NA
1164,28-Nov,32,1,NA
1164,2-Dec,32,1,NA
1165,30-Oct,0,0,NA
1165,1-Nov,0,0,NA
1165,5-Nov,0,0,NA
1165,7-Nov,0,0,NA
1165,11-Nov,0,0,NA
1165,14-Nov,0,0,NA
1165,18-Nov,12,0.42857142857142855,NA
1165,21-Nov,17,0.6071428571428571,NA
1165,25-Nov,26,0.9285714285714286,NA
1165,28-Nov,26,0.9285714285714286,NA
1165,2-Dec,28,1,NA
1166,30-Oct,0,0,NA
1166,1-Nov,0,0,NA
1166,5-Nov,0,0,NA
1166,7-Nov,0,0,NA
1166,11-Nov,0,0,NA
1166,14-Nov,0,0,NA
1166,18-Nov,10,0.4,NA
1166,21-Nov,23,0.92,NA
1166,25-Nov,25,1,NA
1166,28-Nov,25,1,NA
1166,2-Dec,25,1,NA
1167,30-Oct,0,0,NA
1167,1-Nov,0,0,NA
1167,5-Nov,0,0,NA
1167,7-Nov,0,0,NA
1167,11-Nov,2,0.11764705882352941,NA
1167,14-Nov,9,0.5294117647058824,NA
1167,18-Nov,16,0.9411764705882353,NA
1167,21-Nov,17,1,NA
1167,25-Nov,17,1,NA
1167,28-Nov,17,1,NA
1167,2-Dec,17,1,NA
1168,30-Oct,0,0,NA
1168,1-Nov,0,0,NA
1168,5-Nov,0,0,NA
1168,7-Nov,0,0,NA
1168,11-Nov,4,0.23529411764705882,NA
1168,14-Nov,8,0.47058823529411764,NA
1168,18-Nov,11,0.6470588235294118,NA
1168,21-Nov,15,0.8823529411764706,NA
1168,25-Nov,17,1,NA
1168,28-Nov,17,1,NA
1168,2-Dec,17,1,NA
1193,30-Oct,0,0,NA
1193,1-Nov,0,0,NA
1193,5-Nov,0,0,NA
1193,7-Nov,0,0,NA
1193,11-Nov,3,0.1875,NA
1193,14-Nov,10,0.625,NA
1193,18-Nov,13,0.8125,NA
1193,21-Nov,14,0.875,NA
1193,25-Nov,16,1,NA
1193,28-Nov,16,1,NA
1193,2-Dec,16,1,NA
1194,30-Oct,0,0,NA
1194,1-Nov,0,0,NA
1194,5-Nov,0,0,NA
1194,7-Nov,0,0,NA
1194,11-Nov,4,0.19047619047619047,NA
1194,14-Nov,4,0.19047619047619047,NA
1194,18-Nov,9,0.42857142857142855,NA
1194,21-Nov,16,0.7619047619047619,NA
1194,25-Nov,20,0.9523809523809523,NA
1194,28-Nov,21,1,NA
1194,2-Dec,21,1,NA
1195,30-Oct,0,0,NA
1195,1-Nov,0,0,NA
1195,5-Nov,0,0,NA
1195,7-Nov,0,0,NA
1195,11-Nov,0,0,NA
1195,14-Nov,0,0,NA
1195,18-Nov,6,0.42857142857142855,NA
1195,21-Nov,10,0.7142857142857143,NA
1195,25-Nov,14,1,NA
1195,28-Nov,14,1,NA
1195,2-Dec,14,1,NA
1196,30-Oct,0,0,NA
1196,1-Nov,0,0,NA
1196,5-Nov,0,0,NA
1196,7-Nov,0,0,NA
1196,11-Nov,13,0.6190476190476191,NA
1196,14-Nov,20,0.9523809523809523,NA
1196,18-Nov,20,0.9523809523809523,NA
1196,21-Nov,21,1,NA
1196,25-Nov,21,1,NA
1196,28-Nov,21,1,NA
1196,2-Dec,21,1,NA
1197,30-Oct,0,0,NA
1197,1-Nov,0,0,NA
1197,5-Nov,0,0,NA
1197,7-Nov,0,0,NA
1197,11-Nov,1,0.1111111111111111,NA
1197,14-Nov,1,0.1111111111111111,NA
1197,18-Nov,4,0.4444444444444444,NA
1197,21-Nov,7,0.7777777777777778,NA
1197,25-Nov,8,0.8888888888888888,NA
1197,28-Nov,8,0.8888888888888888,NA
1197,2-Dec,9,1,NA
1198,30-Oct,0,0,NA
1198,1-Nov,0,0,NA
1198,5-Nov,0,0,NA
1198,7-Nov,0,0,NA
1198,11-Nov,2,0.09090909090909091,NA
1198,14-Nov,10,0.45454545454545453,NA
1198,18-Nov,21,0.9545454545454546,NA
1198,21-Nov,21,0.9545454545454546,NA
1198,25-Nov,22,1,NA
1198,28-Nov,22,1,NA
1198,2-Dec,22,1,NA
1199,30-Oct,0,0,NA
1199,1-Nov,0,0,NA
1199,5-Nov,0,0,NA
1199,7-Nov,0,0,NA
1199,11-Nov,1,0.09090909090909091,NA
1199,14-Nov,4,0.36363636363636365,NA
1199,18-Nov,11,1,NA
1199,21-Nov,11,1,NA
1199,25-Nov,11,1,NA
1199,28-Nov,11,1,NA
1199,2-Dec,11,1,NA
1200,30-Oct,0,0,NA
1200,1-Nov,0,0,NA
1200,5-Nov,0,0,NA
1200,7-Nov,0,0,NA
1200,11-Nov,15,0.42857142857142855,NA
1200,14-Nov,30,0.8571428571428571,NA
1200,18-Nov,35,1,NA
1200,21-Nov,35,1,NA
1200,25-Nov,35,1,NA
1200,28-Nov,35,1,NA
1200,2-Dec,35,1,NA
1201,30-Oct,0,0,NA
1201,1-Nov,0,0,NA
1201,5-Nov,0,0,NA
1201,7-Nov,0,0,NA
1201,11-Nov,1,0.043478260869565216,NA
1201,14-Nov,1,0.043478260869565216,NA
1201,18-Nov,4,0.17391304347826086,NA
1201,21-Nov,16,0.6956521739130435,NA
1201,25-Nov,22,0.9565217391304348,NA
1201,28-Nov,23,1,NA
1201,2-Dec,23,1,NA
1202,30-Oct,0,0,NA
1202,1-Nov,0,0,NA
1202,5-Nov,0,0,NA
1202,7-Nov,0,0,NA
1202,11-Nov,0,0,NA
1202,14-Nov,0,0,NA
1202,18-Nov,12,0.7058823529411765,NA
1202,21-Nov,16,0.9411764705882353,NA
1202,25-Nov,17,1,NA
1202,28-Nov,17,1,NA
1202,2-Dec,17,1,NA
1203,30-Oct,0,0,NA
1203,1-Nov,0,0,NA
1203,5-Nov,0,0,NA
1203,7-Nov,0,0,NA
1203,11-Nov,4,0.11764705882352941,NA
1203,14-Nov,11,0.3235294117647059,NA
1203,18-Nov,29,0.8529411764705882,NA
1203,21-Nov,33,0.9705882352941176,NA
1203,25-Nov,34,1,NA
1203,28-Nov,34,1,NA
1203,2-Dec,34,1,NA
1204,30-Oct,0,0,NA
1204,1-Nov,0,0,NA
1204,5-Nov,0,0,NA
1204,7-Nov,0,0,NA
1204,11-Nov,0,0,NA
1204,14-Nov,0,0,NA
1204,18-Nov,3,0.09090909090909091,NA
1204,21-Nov,18,0.5454545454545454,NA
1204,25-Nov,31,0.9393939393939394,NA
1204,28-Nov,33,1,NA
1204,2-Dec,33,1,NA
1205,30-Oct,0,0,NA
1205,1-Nov,0,0,NA
1205,5-Nov,0,0,NA
1205,7-Nov,0,0,NA
1205,11-Nov,0,0,NA
1205,14-Nov,0,0,NA
1205,18-Nov,7,0.5384615384615384,NA
1205,21-Nov,12,0.9230769230769231,NA
1205,25-Nov,13,1,NA
1205,28-Nov,13,1,NA
1205,2-Dec,13,1,NA
1206,30-Oct,0,0,NA
1206,1-Nov,0,0,NA
1206,5-Nov,0,0,NA
1206,7-Nov,0,0,NA
1206,11-Nov,0,0,NA
1206,14-Nov,0,0,NA
1206,18-Nov,6,0.2608695652173913,NA
1206,21-Nov,13,0.5652173913043478,NA
1206,25-Nov,23,1,NA
1206,28-Nov,23,1,NA
1206,2-Dec,23,1,NA
1207,30-Oct,0,0,NA
1207,1-Nov,0,0,NA
1207,5-Nov,0,0,NA
1207,7-Nov,0,0,NA
1207,11-Nov,0,0,NA
1207,14-Nov,1,0.037037037037037035,NA
1207,18-Nov,15,0.5555555555555556,NA
1207,21-Nov,18,0.6666666666666666,NA
1207,25-Nov,25,0.9259259259259259,NA
1207,28-Nov,27,1,NA
1207,2-Dec,27,1,NA
1208,30-Oct,0,0,NA
1208,1-Nov,0,0,NA
1208,5-Nov,0,0,NA
1208,7-Nov,0,0,NA
1208,11-Nov,0,0,NA
1208,14-Nov,6,0.3333333333333333,NA
1208,18-Nov,9,0.5,NA
1208,21-Nov,14,0.7777777777777778,NA
1208,25-Nov,18,1,NA
1208,28-Nov,18,1,NA
1208,2-Dec,18,1,NA
1209,30-Oct,0,0,NA
1209,1-Nov,0,0,NA
1209,5-Nov,0,0,NA
1209,7-Nov,0,0,NA
1209,11-Nov,4,0.2222222222222222,NA
1209,14-Nov,8,0.4444444444444444,NA
1209,18-Nov,15,0.8333333333333334,NA
1209,21-Nov,17,0.9444444444444444,NA
1209,25-Nov,18,1,NA
1209,28-Nov,18,1,NA
1209,2-Dec,18,1,NA
1210,30-Oct,0,0,NA
1210,1-Nov,0,0,NA
1210,5-Nov,0,0,NA
1210,7-Nov,0,0,NA
1210,11-Nov,0,0,NA
1210,14-Nov,4,0.2,NA
1210,18-Nov,8,0.4,NA
1210,21-Nov,17,0.85,NA
1210,25-Nov,19,0.95,NA
1210,28-Nov,20,1,NA
1210,2-Dec,20,1,NA
1211,30-Oct,0,0,NA
1211,1-Nov,0,0,NA
1211,5-Nov,0,0,NA
1211,7-Nov,0,0,NA
1211,11-Nov,0,0,NA
1211,14-Nov,2,0.14285714285714285,NA
1211,18-Nov,10,0.7142857142857143,NA
1211,21-Nov,11,0.7857142857142857,NA
1211,25-Nov,14,1,NA
1211,28-Nov,14,1,NA
1211,2-Dec,14,1,NA
1212,30-Oct,0,0,NA
1212,1-Nov,0,0,NA
1212,5-Nov,0,0,NA
1212,7-Nov,0,0,NA
1212,11-Nov,7,0.23333333333333334,NA
1212,14-Nov,8,0.26666666666666666,NA
1212,18-Nov,21,0.7,NA
1212,21-Nov,24,0.8,NA
1212,25-Nov,29,0.9666666666666667,NA
1212,28-Nov,29,0.9666666666666667,NA
1212,2-Dec,30,1,NA
1213,30-Oct,0,0,NA
1213,1-Nov,0,0,NA
1213,5-Nov,0,0,NA
1213,7-Nov,0,0,NA
1213,11-Nov,9,0.4090909090909091,NA
1213,14-Nov,14,0.6363636363636364,NA
1213,18-Nov,15,0.6818181818181818,NA
1213,21-Nov,17,0.7727272727272727,NA
1213,25-Nov,22,1,NA
1213,28-Nov,22,1,NA
1213,2-Dec,22,1,NA
1214,30-Oct,0,0,NA
1214,1-Nov,0,0,NA
1214,5-Nov,0,0,NA
1214,7-Nov,0,0,NA
1214,11-Nov,5,0.2,NA
1214,14-Nov,14,0.56,NA
1214,18-Nov,20,0.8,NA
1214,21-Nov,23,0.92,NA
1214,25-Nov,25,1,NA
1214,28-Nov,25,1,NA
1214,2-Dec,25,1,NA
1215,30-Oct,0,0,NA
1215,1-Nov,0,0,NA
1215,5-Nov,0,0,NA
1215,7-Nov,0,0,NA
1215,11-Nov,18,0.6923076923076923,NA
1215,14-Nov,20,0.7692307692307693,NA
1215,18-Nov,25,0.9615384615384616,NA
1215,21-Nov,26,1,NA
1215,25-Nov,26,1,NA
1215,28-Nov,26,1,NA
1215,2-Dec,26,1,NA
1216,30-Oct,0,0,NA
1216,1-Nov,0,0,NA
1216,5-Nov,0,0,NA
1216,7-Nov,0,0,NA
1216,11-Nov,0,0,NA
1216,14-Nov,0,0,NA
1216,18-Nov,26,0.7428571428571429,NA
1216,21-Nov,34,0.9714285714285714,NA
1216,25-Nov,35,1,NA
1216,28-Nov,35,1,NA
1216,2-Dec,35,1,NA
1241,30-Oct,0,0,NA
1241,1-Nov,0,0,NA
1241,5-Nov,0,0,NA
1241,7-Nov,0,0,NA
1241,11-Nov,0,0,NA
1241,14-Nov,0,0,NA
1241,18-Nov,17,0.5151515151515151,NA
1241,21-Nov,27,0.8181818181818182,NA
1241,25-Nov,30,0.9090909090909091,NA
1241,28-Nov,33,1,NA
1241,2-Dec,33,1,NA
1242,30-Oct,0,0,NA
1242,1-Nov,0,0,NA
1242,5-Nov,0,0,NA
1242,7-Nov,0,0,NA
1242,11-Nov,0,0,NA
1242,14-Nov,2,0.09523809523809523,NA
1242,18-Nov,7,0.3333333333333333,NA
1242,21-Nov,8,0.38095238095238093,NA
1242,25-Nov,19,0.9047619047619048,NA
1242,28-Nov,21,1,NA
1242,2-Dec,21,1,NA
1243,30-Oct,0,0,NA
1243,1-Nov,0,0,NA
1243,5-Nov,0,0,NA
1243,7-Nov,0,0,NA
1243,11-Nov,2,0.10526315789473684,NA
1243,14-Nov,3,0.15789473684210525,NA
1243,18-Nov,10,0.5263157894736842,NA
1243,21-Nov,14,0.7368421052631579,NA
1243,25-Nov,17,0.8947368421052632,NA
1243,28-Nov,18,0.9473684210526315,NA
1243,2-Dec,19,1,NA
1244,30-Oct,0,0,NA
1244,1-Nov,0,0,NA
1244,5-Nov,0,0,NA
1244,7-Nov,0,0,NA
1244,11-Nov,0,0,NA
1244,14-Nov,1,0.02631578947368421,NA
1244,18-Nov,15,0.39473684210526316,NA
1244,21-Nov,25,0.6578947368421053,NA
1244,25-Nov,36,0.9473684210526315,NA
1244,28-Nov,38,1,NA
1244,2-Dec,38,1,NA
1245,30-Oct,0,0,NA
1245,1-Nov,0,0,NA
1245,5-Nov,0,0,NA
1245,7-Nov,0,0,NA
1245,11-Nov,0,0,NA
1245,14-Nov,3,0.13043478260869565,NA
1245,18-Nov,17,0.7391304347826086,NA
1245,21-Nov,22,0.9565217391304348,NA
1245,25-Nov,23,1,NA
1245,28-Nov,23,1,NA
1245,2-Dec,23,1,NA
1246,30-Oct,0,0,NA
1246,1-Nov,0,0,NA
1246,5-Nov,0,0,NA
1246,7-Nov,0,0,NA
1246,11-Nov,3,0.08333333333333333,NA
1246,14-Nov,6,0.16666666666666666,NA
1246,18-Nov,17,0.4722222222222222,NA
1246,21-Nov,26,0.7222222222222222,NA
1246,25-Nov,36,1,NA
1246,28-Nov,36,1,NA
1246,2-Dec,36,1,NA
1247,30-Oct,0,0,NA
1247,1-Nov,0,0,NA
1247,5-Nov,0,0,NA
1247,7-Nov,0,0,NA
1247,11-Nov,1,0.043478260869565216,NA
1247,14-Nov,6,0.2608695652173913,NA
1247,18-Nov,16,0.6956521739130435,NA
1247,21-Nov,22,0.9565217391304348,NA
1247,25-Nov,23,1,NA
1247,28-Nov,23,1,NA
1247,2-Dec,23,1,NA
1248,30-Oct,0,0,NA
1248,1-Nov,0,0,NA
1248,5-Nov,0,0,NA
1248,7-Nov,0,0,NA
1248,11-Nov,0,0,NA
1248,14-Nov,2,0.13333333333333333,NA
1248,18-Nov,4,0.26666666666666666,NA
1248,21-Nov,7,0.4666666666666667,NA
1248,25-Nov,14,0.9333333333333333,NA
1248,28-Nov,15,1,NA
1248,2-Dec,15,1,NA
1249,30-Oct,0,0,NA
1249,1-Nov,0,0,NA
1249,5-Nov,0,0,NA
1249,7-Nov,0,0,NA
1249,11-Nov,0,0,NA
1249,14-Nov,2,0.06896551724137931,NA
1249,18-Nov,22,0.7586206896551724,NA
1249,21-Nov,28,0.9655172413793104,NA
1249,25-Nov,29,1,NA
1249,28-Nov,29,1,NA
1249,2-Dec,29,1,NA
1250,30-Oct,0,0,NA
1250,1-Nov,0,0,NA
1250,5-Nov,0,0,NA
1250,7-Nov,0,0,NA
1250,11-Nov,0,0,NA
1250,14-Nov,10,0.3448275862068966,NA
1250,18-Nov,25,0.8620689655172413,NA
1250,21-Nov,26,0.896551724137931,NA
1250,25-Nov,29,1,NA
1250,28-Nov,29,1,NA
1250,2-Dec,29,1,NA
1251,30-Oct,0,0,NA
1251,1-Nov,0,0,NA
1251,5-Nov,0,0,NA
1251,7-Nov,0,0,NA
1251,11-Nov,0,0,NA
1251,14-Nov,1,0.041666666666666664,NA
1251,18-Nov,10,0.4166666666666667,NA
1251,21-Nov,16,0.6666666666666666,NA
1251,25-Nov,23,0.9583333333333334,NA
1251,28-Nov,24,1,NA
1251,2-Dec,24,1,NA
1252,30-Oct,0,0,NA
1252,1-Nov,0,0,NA
1252,5-Nov,0,0,NA
1252,7-Nov,0,0,NA
1252,11-Nov,3,0.21428571428571427,NA
1252,14-Nov,3,0.21428571428571427,NA
1252,18-Nov,7,0.5,NA
1252,21-Nov,8,0.5714285714285714,NA
1252,25-Nov,14,1,NA
1252,28-Nov,14,1,NA
1252,2-Dec,14,1,NA
1253,30-Oct,0,0,NA
1253,1-Nov,0,0,NA
1253,5-Nov,0,0,NA
1253,7-Nov,0,0,NA
1253,11-Nov,0,0,NA
1253,14-Nov,9,0.25,NA
1253,18-Nov,23,0.6388888888888888,NA
1253,21-Nov,32,0.8888888888888888,NA
1253,25-Nov,36,1,NA
1253,28-Nov,36,1,NA
1253,2-Dec,36,1,NA
1254,30-Oct,0,0,NA
1254,1-Nov,0,0,NA
1254,5-Nov,0,0,NA
1254,7-Nov,0,0,NA
1254,11-Nov,0,0,NA
1254,14-Nov,19,0.6333333333333333,NA
1254,18-Nov,28,0.9333333333333333,NA
1254,21-Nov,30,1,NA
1254,25-Nov,30,1,NA
1254,28-Nov,30,1,NA
1254,2-Dec,30,1,NA
1255,30-Oct,0,0,NA
1255,1-Nov,0,0,NA
1255,5-Nov,0,0,NA
1255,7-Nov,0,0,NA
1255,11-Nov,1,0.030303030303030304,NA
1255,14-Nov,11,0.3333333333333333,NA
1255,18-Nov,28,0.8484848484848485,NA
1255,21-Nov,31,0.9393939393939394,NA
1255,25-Nov,33,1,NA
1255,28-Nov,33,1,NA
1255,2-Dec,33,1,NA
1256,30-Oct,0,0,NA
1256,1-Nov,0,0,NA
1256,5-Nov,0,0,NA
1256,7-Nov,0,0,NA
1256,11-Nov,1,0.022222222222222223,NA
1256,14-Nov,6,0.13333333333333333,NA
1256,18-Nov,16,0.35555555555555557,NA
1256,21-Nov,24,0.5333333333333333,NA
1256,25-Nov,43,0.9555555555555556,NA
1256,28-Nov,45,1,NA
1256,2-Dec,45,1,NA
1257,30-Oct,0,0,NA
1257,1-Nov,0,0,NA
1257,5-Nov,0,0,NA
1257,7-Nov,0,0,NA
1257,11-Nov,0,0,NA
1257,14-Nov,4,0.13333333333333333,NA
1257,18-Nov,18,0.6,NA
1257,21-Nov,28,0.9333333333333333,NA
1257,25-Nov,30,1,NA
1257,28-Nov,30,1,NA
1257,2-Dec,30,1,NA
1258,30-Oct,0,0,NA
1258,1-Nov,0,0,NA
1258,5-Nov,0,0,NA
1258,7-Nov,0,0,NA
1258,11-Nov,6,0.25,NA
1258,14-Nov,11,0.4583333333333333,NA
1258,18-Nov,16,0.6666666666666666,NA
1258,21-Nov,19,0.7916666666666666,NA
1258,25-Nov,21,0.875,NA
1258,28-Nov,24,1,NA
1258,2-Dec,24,1,NA
1259,30-Oct,0,0,NA
1259,1-Nov,0,0,NA
1259,5-Nov,0,0,NA
1259,7-Nov,0,0,NA
1259,11-Nov,3,0.09090909090909091,NA
1259,14-Nov,6,0.18181818181818182,NA
1259,18-Nov,19,0.5757575757575758,NA
1259,21-Nov,26,0.7878787878787878,NA
1259,25-Nov,33,1,NA
1259,28-Nov,33,1,NA
1259,2-Dec,33,1,NA
1260,30-Oct,0,0,NA
1260,1-Nov,0,0,NA
1260,5-Nov,0,0,NA
1260,7-Nov,0,0,NA
1260,11-Nov,0,0,NA
1260,14-Nov,3,0.10714285714285714,NA
1260,18-Nov,9,0.32142857142857145,NA
1260,21-Nov,13,0.4642857142857143,NA
1260,25-Nov,26,0.9285714285714286,NA
1260,28-Nov,28,1,NA
1260,2-Dec,28,1,NA
1261,30-Oct,0,0,NA
1261,1-Nov,0,0,NA
1261,5-Nov,0,0,NA
1261,7-Nov,0,0,NA
1261,11-Nov,0,0,NA
1261,14-Nov,7,0.175,NA
1261,18-Nov,32,0.8,NA
1261,21-Nov,36,0.9,NA
1261,25-Nov,40,1,NA
1261,28-Nov,40,1,NA
1261,2-Dec,40,1,NA
1262,30-Oct,0,0,NA
1262,1-Nov,0,0,NA
1262,5-Nov,0,0,NA
1262,7-Nov,1,0.02702702702702703,NA
1262,11-Nov,27,0.7297297297297297,NA
1262,14-Nov,33,0.8918918918918919,NA
1262,18-Nov,35,0.9459459459459459,NA
1262,21-Nov,37,1,NA
1262,25-Nov,37,1,NA
1262,28-Nov,37,1,NA
1262,2-Dec,37,1,NA
1263,30-Oct,0,0,NA
1263,1-Nov,0,0,NA
1263,5-Nov,0,0,NA
1263,7-Nov,0,0,NA
1263,11-Nov,0,0,NA
1263,14-Nov,6,0.14285714285714285,NA
1263,18-Nov,21,0.5,NA
1263,21-Nov,37,0.8809523809523809,NA
1263,25-Nov,41,0.9761904761904762,NA
1263,28-Nov,42,1,NA
1263,2-Dec,42,1,NA
1264,30-Oct,0,0,NA
1264,1-Nov,0,0,NA
1264,5-Nov,0,0,NA
1264,7-Nov,0,0,NA
1264,11-Nov,1,0.07142857142857142,NA
1264,14-Nov,1,0.07142857142857142,Value smaller than max: previous = 0 : new = 1
1264,18-Nov,7,0.5,NA
1264,21-Nov,12,0.8571428571428571,NA
1264,25-Nov,14,1,NA
1264,28-Nov,14,1,NA
1264,2-Dec,14,1,NA
1289,30-Oct,0,0,NA
1289,1-Nov,0,0,NA
1289,5-Nov,0,0,NA
1289,7-Nov,0,0,NA
1289,11-Nov,0,0,NA
1289,14-Nov,0,0,NA
1289,18-Nov,9,0.5294117647058824,NA
1289,21-Nov,14,0.8235294117647058,NA
1289,25-Nov,17,1,NA
1289,28-Nov,17,1,NA
1289,2-Dec,17,1,NA
1290,30-Oct,0,0,NA
1290,1-Nov,0,0,NA
1290,5-Nov,0,0,NA
1290,7-Nov,0,0,NA
1290,11-Nov,0,0,NA
1290,14-Nov,0,0,NA
1290,18-Nov,12,0.5714285714285714,NA
1290,21-Nov,19,0.9047619047619048,NA
1290,25-Nov,21,1,NA
1290,28-Nov,21,1,NA
1290,2-Dec,21,1,NA
1291,30-Oct,0,0,NA
1291,1-Nov,0,0,NA
1291,5-Nov,0,0,NA
1291,7-Nov,0,0,NA
1291,11-Nov,5,0.5,NA
1291,14-Nov,8,0.8,NA
1291,18-Nov,10,1,NA
1291,21-Nov,10,1,NA
1291,25-Nov,10,1,NA
1291,28-Nov,10,1,NA
1291,2-Dec,10,1,NA
1292,30-Oct,0,0,NA
1292,1-Nov,0,0,NA
1292,5-Nov,0,0,NA
1292,7-Nov,0,0,NA
1292,11-Nov,0,0,NA
1292,14-Nov,2,0.09090909090909091,NA
1292,18-Nov,13,0.5909090909090909,NA
1292,21-Nov,20,0.9090909090909091,NA
1292,25-Nov,22,1,NA
1292,28-Nov,22,1,NA
1292,2-Dec,22,1,NA
1293,30-Oct,0,0,NA
1293,1-Nov,0,0,NA
1293,5-Nov,0,0,NA
1293,7-Nov,0,0,NA
1293,11-Nov,0,0,NA
1293,14-Nov,4,0.16666666666666666,NA
1293,18-Nov,16,0.6666666666666666,NA
1293,21-Nov,23,0.9583333333333334,NA
1293,25-Nov,24,1,NA
1293,28-Nov,24,1,NA
1293,2-Dec,24,1,NA
1294,30-Oct,0,0,NA
1294,1-Nov,0,0,NA
1294,5-Nov,0,0,NA
1294,7-Nov,0,0,NA
1294,11-Nov,0,0,NA
1294,14-Nov,1,0.045454545454545456,NA
1294,18-Nov,14,0.6363636363636364,NA
1294,21-Nov,19,0.8636363636363636,NA
1294,25-Nov,22,1,NA
1294,28-Nov,22,1,NA
1294,2-Dec,22,1,NA
1295,30-Oct,0,0,NA
1295,1-Nov,0,0,NA
1295,5-Nov,0,0,NA
1295,7-Nov,0,0,NA
1295,11-Nov,0,0,NA
1295,14-Nov,0,0,NA
1295,18-Nov,7,0.175,NA
1295,21-Nov,23,0.575,NA
1295,25-Nov,40,1,NA
1295,28-Nov,40,1,NA
1295,2-Dec,40,1,NA
1296,30-Oct,0,0,NA
1296,1-Nov,0,0,NA
1296,5-Nov,0,0,NA
1296,7-Nov,0,0,NA
1296,11-Nov,0,0,NA
1296,14-Nov,0,0,NA
1296,18-Nov,2,0.0625,NA
1296,21-Nov,10,0.3125,NA
1296,25-Nov,32,1,NA
1296,28-Nov,32,1,NA
1296,2-Dec,32,1,NA
1297,30-Oct,0,0,NA
1297,1-Nov,0,0,NA
1297,5-Nov,0,0,NA
1297,7-Nov,0,0,NA
1297,11-Nov,0,0,NA
1297,14-Nov,0,0,NA
1297,18-Nov,10,0.37037037037037035,NA
1297,21-Nov,17,0.6296296296296297,NA
1297,25-Nov,27,1,NA
1297,28-Nov,27,1,NA
1297,2-Dec,27,1,NA
1298,30-Oct,0,0,NA
1298,1-Nov,0,0,NA
1298,5-Nov,0,0,NA
1298,7-Nov,0,0,NA
1298,11-Nov,0,0,NA
1298,14-Nov,1,0.025,NA
1298,18-Nov,8,0.2,NA
1298,21-Nov,32,0.8,NA
1298,25-Nov,40,1,NA
1298,28-Nov,40,1,NA
1298,2-Dec,40,1,NA
1299,30-Oct,0,0,NA
1299,1-Nov,0,0,NA
1299,5-Nov,0,0,NA
1299,7-Nov,0,0,NA
1299,11-Nov,0,0,NA
1299,14-Nov,0,0,NA
1299,18-Nov,11,0.6470588235294118,NA
1299,21-Nov,17,1,NA
1299,25-Nov,17,1,NA
1299,28-Nov,17,1,NA
1299,2-Dec,17,1,NA
1300,30-Oct,0,0,NA
1300,1-Nov,0,0,NA
1300,5-Nov,0,0,NA
1300,7-Nov,0,0,NA
1300,11-Nov,0,0,NA
1300,14-Nov,4,0.2,NA
1300,18-Nov,8,0.4,NA
1300,21-Nov,14,0.7,NA
1300,25-Nov,20,1,NA
1300,28-Nov,20,1,NA
1300,2-Dec,20,1,NA
1301,30-Oct,0,0,NA
1301,1-Nov,0,0,NA
1301,5-Nov,0,0,NA
1301,7-Nov,0,0,NA
1301,11-Nov,0,0,NA
1301,14-Nov,0,0,NA
1301,18-Nov,7,0.5384615384615384,NA
1301,21-Nov,13,1,NA
1301,25-Nov,13,1,NA
1301,28-Nov,13,1,NA
1301,2-Dec,13,1,NA
1302,30-Oct,0,0,NA
1302,1-Nov,0,0,NA
1302,5-Nov,0,0,NA
1302,7-Nov,0,0,NA
1302,11-Nov,4,0.12121212121212122,NA
1302,14-Nov,12,0.36363636363636365,NA
1302,18-Nov,29,0.8787878787878788,NA
1302,21-Nov,33,1,NA
1302,25-Nov,33,1,NA
1302,28-Nov,33,1,NA
1302,2-Dec,33,1,NA
1303,30-Oct,0,0,NA
1303,1-Nov,0,0,NA
1303,5-Nov,0,0,NA
1303,7-Nov,0,0,NA
1303,11-Nov,0,0,NA
1303,14-Nov,8,0.20512820512820512,NA
1303,18-Nov,24,0.6153846153846154,NA
1303,21-Nov,31,0.7948717948717948,NA
1303,25-Nov,36,0.9230769230769231,NA
1303,28-Nov,39,1,NA
1303,2-Dec,39,1,NA
1304,30-Oct,0,0,NA
1304,1-Nov,0,0,NA
1304,5-Nov,0,0,NA
1304,7-Nov,0,0,NA
1304,11-Nov,1,0.020833333333333332,NA
1304,14-Nov,1,0.020833333333333332,NA
1304,18-Nov,3,0.0625,NA
1304,21-Nov,23,0.4791666666666667,NA
1304,25-Nov,48,1,NA
1304,28-Nov,48,1,NA
1304,2-Dec,48,1,NA
1305,30-Oct,0,0,NA
1305,1-Nov,0,0,NA
1305,5-Nov,0,0,NA
1305,7-Nov,0,0,NA
1305,11-Nov,0,0,NA
1305,14-Nov,4,0.08333333333333333,NA
1305,18-Nov,29,0.6041666666666666,NA
1305,21-Nov,40,0.8333333333333334,NA
1305,25-Nov,48,1,NA
1305,28-Nov,48,1,NA
1305,2-Dec,48,1,NA
1306,30-Oct,0,0,NA
1306,1-Nov,0,0,NA
1306,5-Nov,0,0,NA
1306,7-Nov,0,0,NA
1306,11-Nov,0,0,NA
1306,14-Nov,0,0,NA
1306,18-Nov,5,0.25,NA
1306,21-Nov,10,0.5,NA
1306,25-Nov,19,0.95,NA
1306,28-Nov,20,1,NA
1306,2-Dec,20,1,NA
1307,30-Oct,0,0,NA
1307,1-Nov,0,0,NA
1307,5-Nov,0,0,NA
1307,7-Nov,0,0,NA
1307,11-Nov,0,0,NA
1307,14-Nov,0,0,NA
1307,18-Nov,6,0.35294117647058826,NA
1307,21-Nov,8,0.47058823529411764,NA
1307,25-Nov,17,1,NA
1307,28-Nov,17,1,NA
1307,2-Dec,17,1,NA
1308,30-Oct,0,0,NA
1308,1-Nov,0,0,NA
1308,5-Nov,0,0,NA
1308,7-Nov,0,0,NA
1308,11-Nov,1,0.045454545454545456,NA
1308,14-Nov,10,0.45454545454545453,NA
1308,18-Nov,17,0.7727272727272727,NA
1308,21-Nov,20,0.9090909090909091,NA
1308,25-Nov,22,1,NA
1308,28-Nov,22,1,NA
1308,2-Dec,22,1,NA
1309,30-Oct,0,0,NA
1309,1-Nov,0,0,NA
1309,5-Nov,0,0,NA
1309,7-Nov,0,0,NA
1309,11-Nov,1,0.041666666666666664,NA
1309,14-Nov,12,0.5,NA
1309,18-Nov,18,0.75,NA
1309,21-Nov,18,0.75,Value smaller than max: previous = 17 : new = 18
1309,25-Nov,24,1,NA
1309,28-Nov,24,1,NA
1309,2-Dec,24,1,NA
1310,30-Oct,0,0,NA
1310,1-Nov,0,0,NA
1310,5-Nov,0,0,NA
1310,7-Nov,0,0,NA
1310,11-Nov,0,0,NA
1310,14-Nov,5,0.29411764705882354,NA
1310,18-Nov,12,0.7058823529411765,NA
1310,21-Nov,15,0.8823529411764706,NA
1310,25-Nov,17,1,NA
1310,28-Nov,17,1,NA
1310,2-Dec,17,1,NA
1311,30-Oct,0,0,NA
1311,1-Nov,0,0,NA
1311,5-Nov,0,0,NA
1311,7-Nov,0,0,NA
1311,11-Nov,2,0.13333333333333333,NA
1311,14-Nov,5,0.3333333333333333,NA
1311,18-Nov,14,0.9333333333333333,NA
1311,21-Nov,15,1,NA
1311,25-Nov,15,1,NA
1311,28-Nov,15,1,NA
1311,2-Dec,15,1,NA
1312,30-Oct,0,0,NA
1312,1-Nov,0,0,NA
1312,5-Nov,0,0,NA
1312,7-Nov,0,0,NA
1312,11-Nov,0,0,NA
1312,14-Nov,0,0,NA
1312,18-Nov,6,0.5454545454545454,NA
1312,21-Nov,10,0.9090909090909091,NA
1312,25-Nov,11,1,NA
1312,28-Nov,11,1,NA
1312,2-Dec,11,1,NA
1337,30-Oct,0,0,NA
1337,1-Nov,0,0,NA
1337,5-Nov,0,0,NA
1337,7-Nov,0,0,NA
1337,11-Nov,5,0.29411764705882354,NA
1337,14-Nov,8,0.47058823529411764,NA
1337,18-Nov,13,0.7647058823529411,NA
1337,21-Nov,15,0.8823529411764706,NA
1337,25-Nov,17,1,NA
1337,28-Nov,17,1,NA
1337,2-Dec,17,1,NA
1338,30-Oct,0,0,NA
1338,1-Nov,0,0,NA
1338,5-Nov,0,0,NA
1338,7-Nov,0,0,NA
1338,11-Nov,1,0.027777777777777776,NA
1338,14-Nov,4,0.1111111111111111,NA
1338,18-Nov,33,0.9166666666666666,NA
1338,21-Nov,36,1,NA
1338,25-Nov,36,1,NA
1338,28-Nov,36,1,NA
1338,2-Dec,36,1,NA
1339,30-Oct,0,0,NA
1339,1-Nov,0,0,NA
1339,5-Nov,0,0,NA
1339,7-Nov,0,0,NA
1339,11-Nov,0,0,NA
1339,14-Nov,1,0.03333333333333333,NA
1339,18-Nov,8,0.26666666666666666,NA
1339,21-Nov,23,0.7666666666666667,NA
1339,25-Nov,29,0.9666666666666667,NA
1339,28-Nov,30,1,NA
1339,2-Dec,30,1,NA
1340,30-Oct,0,0,NA
1340,1-Nov,0,0,NA
1340,5-Nov,0,0,NA
1340,7-Nov,0,0,NA
1340,11-Nov,0,0,NA
1340,14-Nov,3,0.2,NA
1340,18-Nov,9,0.6,NA
1340,21-Nov,10,0.6666666666666666,NA
1340,25-Nov,14,0.9333333333333333,NA
1340,28-Nov,14,0.9333333333333333,NA
1340,2-Dec,15,1,NA
1341,30-Oct,0,0,NA
1341,1-Nov,0,0,NA
1341,5-Nov,0,0,NA
1341,7-Nov,0,0,NA
1341,11-Nov,9,0.2571428571428571,NA
1341,14-Nov,26,0.7428571428571429,NA
1341,18-Nov,32,0.9142857142857143,NA
1341,21-Nov,35,1,NA
1341,25-Nov,35,1,NA
1341,28-Nov,35,1,NA
1341,2-Dec,35,1,NA
1342,30-Oct,0,0,NA
1342,1-Nov,0,0,NA
1342,5-Nov,0,0,NA
1342,7-Nov,0,0,NA
1342,11-Nov,0,0,NA
1342,14-Nov,0,0,NA
1342,18-Nov,6,0.25,NA
1342,21-Nov,19,0.7916666666666666,NA
1342,25-Nov,23,0.9583333333333334,NA
1342,28-Nov,24,1,NA
1342,2-Dec,24,1,NA
1343,30-Oct,0,0,NA
1343,1-Nov,0,0,NA
1343,5-Nov,0,0,NA
1343,7-Nov,0,0,NA
1343,11-Nov,0,0,NA
1343,14-Nov,2,0.07142857142857142,NA
1343,18-Nov,16,0.5714285714285714,NA
1343,21-Nov,22,0.7857142857142857,NA
1343,25-Nov,26,0.9285714285714286,NA
1343,28-Nov,28,1,NA
1343,2-Dec,28,1,NA
1344,30-Oct,0,0,NA
1344,1-Nov,0,0,NA
1344,5-Nov,0,0,NA
1344,7-Nov,0,0,NA
1344,11-Nov,0,0,NA
1344,14-Nov,0,0,NA
1344,18-Nov,14,0.42424242424242425,NA
1344,21-Nov,24,0.7272727272727273,NA
1344,25-Nov,33,1,NA
1344,28-Nov,33,1,NA
1344,2-Dec,33,1,NA
1345,30-Oct,0,0,NA
1345,1-Nov,0,0,NA
1345,5-Nov,0,0,NA
1345,7-Nov,0,0,NA
1345,11-Nov,15,0.4838709677419355,NA
1345,14-Nov,18,0.5806451612903226,NA
1345,18-Nov,31,1,NA
1345,21-Nov,31,1,NA
1345,25-Nov,31,1,NA
1345,28-Nov,31,1,NA
1345,2-Dec,31,1,NA
1346,30-Oct,0,0,NA
1346,1-Nov,0,0,NA
1346,5-Nov,0,0,NA
1346,7-Nov,0,0,NA
1346,11-Nov,0,0,NA
1346,14-Nov,3,0.10344827586206896,NA
1346,18-Nov,9,0.3103448275862069,NA
1346,21-Nov,23,0.7931034482758621,NA
1346,25-Nov,29,1,NA
1346,28-Nov,29,1,NA
1346,2-Dec,29,1,NA
1347,30-Oct,0,0,NA
1347,1-Nov,0,0,NA
1347,5-Nov,0,0,NA
1347,7-Nov,0,0,NA
1347,11-Nov,0,0,NA
1347,14-Nov,2,0.05405405405405406,NA
1347,18-Nov,8,0.21621621621621623,NA
1347,21-Nov,26,0.7027027027027027,NA
1347,25-Nov,37,1,NA
1347,28-Nov,37,1,Value smaller than max: previous = 35 : new = 37
1347,2-Dec,37,1,NA
1348,30-Oct,0,0,NA
1348,1-Nov,0,0,NA
1348,5-Nov,0,0,NA
1348,7-Nov,0,0,NA
1348,11-Nov,0,0,NA
1348,14-Nov,0,0,NA
1348,18-Nov,4,0.3333333333333333,NA
1348,21-Nov,7,0.5833333333333334,NA
1348,25-Nov,12,1,NA
1348,28-Nov,12,1,NA
1348,2-Dec,12,1,NA
1349,30-Oct,0,0,NA
1349,1-Nov,0,0,NA
1349,5-Nov,0,0,NA
1349,7-Nov,0,0,NA
1349,11-Nov,0,0,NA
1349,14-Nov,0,0,NA
1349,18-Nov,11,0.9166666666666666,NA
1349,21-Nov,12,1,NA
1349,25-Nov,12,1,NA
1349,28-Nov,12,1,NA
1349,2-Dec,12,1,NA
1350,30-Oct,0,0,NA
1350,1-Nov,0,0,NA
1350,5-Nov,0,0,NA
1350,7-Nov,0,0,NA
1350,11-Nov,0,0,NA
1350,14-Nov,8,0.47058823529411764,NA
1350,18-Nov,12,0.7058823529411765,NA
1350,21-Nov,16,0.9411764705882353,NA
1350,25-Nov,17,1,NA
1350,28-Nov,17,1,NA
1350,2-Dec,17,1,NA
1351,30-Oct,0,0,NA
1351,1-Nov,0,0,NA
1351,5-Nov,0,0,NA
1351,7-Nov,0,0,NA
1351,11-Nov,0,0,NA
1351,14-Nov,0,0,NA
1351,18-Nov,1,0.04,NA
1351,21-Nov,13,0.52,NA
1351,25-Nov,24,0.96,NA
1351,28-Nov,25,1,NA
1351,2-Dec,25,1,NA
1352,30-Oct,0,0,NA
1352,1-Nov,0,0,NA
1352,5-Nov,0,0,NA
1352,7-Nov,0,0,NA
1352,11-Nov,0,0,NA
1352,14-Nov,11,0.275,NA
1352,18-Nov,20,0.5,NA
1352,21-Nov,27,0.675,NA
1352,25-Nov,39,0.975,NA
1352,28-Nov,40,1,NA
1352,2-Dec,40,1,NA
1353,30-Oct,0,0,NA
1353,1-Nov,0,0,NA
1353,5-Nov,0,0,NA
1353,7-Nov,0,0,NA
1353,11-Nov,0,0,NA
1353,14-Nov,0,0,NA
1353,18-Nov,10,0.2857142857142857,NA
1353,21-Nov,28,0.8,NA
1353,25-Nov,35,1,NA
1353,28-Nov,35,1,NA
1353,2-Dec,35,1,NA
1354,30-Oct,0,0,NA
1354,1-Nov,0,0,NA
1354,5-Nov,0,0,NA
1354,7-Nov,0,0,NA
1354,11-Nov,0,0,NA
1354,14-Nov,0,0,NA
1354,18-Nov,5,0.38461538461538464,NA
1354,21-Nov,9,0.6923076923076923,NA
1354,25-Nov,12,0.9230769230769231,NA
1354,28-Nov,13,1,NA
1354,2-Dec,13,1,NA
1355,30-Oct,0,0,NA
1355,1-Nov,0,0,NA
1355,5-Nov,0,0,NA
1355,7-Nov,0,0,NA
1355,11-Nov,0,0,NA
1355,14-Nov,1,0.027777777777777776,NA
1355,18-Nov,13,0.3611111111111111,NA
1355,21-Nov,29,0.8055555555555556,NA
1355,25-Nov,36,1,NA
1355,28-Nov,36,1,Value smaller than max: previous = 34 : new = 36
1355,2-Dec,36,1,NA
1356,30-Oct,0,0,NA
1356,1-Nov,0,0,NA
1356,5-Nov,0,0,NA
1356,7-Nov,0,0,NA
1356,11-Nov,0,0,NA
1356,14-Nov,1,0.03571428571428571,NA
1356,18-Nov,22,0.7857142857142857,NA
1356,21-Nov,25,0.8928571428571429,NA
1356,25-Nov,28,1,NA
1356,28-Nov,28,1,NA
1356,2-Dec,28,1,NA
1357,30-Oct,0,0,NA
1357,1-Nov,0,0,NA
1357,5-Nov,0,0,NA
1357,7-Nov,0,0,NA
1357,11-Nov,0,0,NA
1357,14-Nov,5,0.19230769230769232,NA
1357,18-Nov,15,0.5769230769230769,NA
1357,21-Nov,20,0.7692307692307693,NA
1357,25-Nov,26,1,NA
1357,28-Nov,26,1,NA
1357,2-Dec,26,1,NA
1358,30-Oct,0,0,NA
1358,1-Nov,0,0,NA
1358,5-Nov,0,0,NA
1358,7-Nov,0,0,NA
1358,11-Nov,0,0,NA
1358,14-Nov,0,0,NA
1358,18-Nov,5,0.20833333333333334,NA
1358,21-Nov,16,0.6666666666666666,NA
1358,25-Nov,24,1,NA
1358,28-Nov,24,1,NA
1358,2-Dec,24,1,NA
1359,30-Oct,0,0,NA
1359,1-Nov,0,0,NA
1359,5-Nov,0,0,NA
1359,7-Nov,0,0,NA
1359,11-Nov,0,0,NA
1359,14-Nov,7,0.2916666666666667,NA
1359,18-Nov,19,0.7916666666666666,NA
1359,21-Nov,24,1,NA
1359,25-Nov,24,1,NA
1359,28-Nov,24,1,NA
1359,2-Dec,24,1,NA
1360,30-Oct,0,0,NA
1360,1-Nov,0,0,NA
1360,5-Nov,0,0,NA
1360,7-Nov,0,0,NA
1360,11-Nov,3,0.14285714285714285,NA
1360,14-Nov,14,0.6666666666666666,NA
1360,18-Nov,18,0.8571428571428571,NA
1360,21-Nov,19,0.9047619047619048,NA
1360,25-Nov,21,1,NA
1360,28-Nov,21,1,NA
1360,2-Dec,21,1,NA
1385,30-Oct,0,0,NA
1385,1-Nov,0,0,NA
1385,5-Nov,0,0,NA
1385,7-Nov,0,0,NA
1385,11-Nov,3,0.1111111111111111,NA
1385,14-Nov,4,0.14814814814814814,NA
1385,18-Nov,13,0.48148148148148145,NA
1385,21-Nov,20,0.7407407407407407,NA
1385,25-Nov,26,0.9629629629629629,NA
1385,28-Nov,27,1,NA
1385,2-Dec,27,1,NA
1386,30-Oct,0,0,NA
1386,1-Nov,0,0,NA
1386,5-Nov,0,0,NA
1386,7-Nov,0,0,NA
1386,11-Nov,0,0,NA
1386,14-Nov,4,0.19047619047619047,NA
1386,18-Nov,20,0.9523809523809523,NA
1386,21-Nov,21,1,NA
1386,25-Nov,21,1,NA
1386,28-Nov,21,1,NA
1386,2-Dec,21,1,NA
1387,30-Oct,0,0,NA
1387,1-Nov,0,0,NA
1387,5-Nov,0,0,NA
1387,7-Nov,0,0,NA
1387,11-Nov,7,0.175,NA
1387,14-Nov,32,0.8,NA
1387,18-Nov,40,1,NA
1387,21-Nov,40,1,NA
1387,25-Nov,40,1,NA
1387,28-Nov,40,1,NA
1387,2-Dec,40,1,NA
1388,30-Oct,0,0,NA
1388,1-Nov,0,0,NA
1388,5-Nov,0,0,NA
1388,7-Nov,0,0,NA
1388,11-Nov,0,0,NA
1388,14-Nov,3,0.09090909090909091,NA
1388,18-Nov,3,0.09090909090909091,NA
1388,21-Nov,15,0.45454545454545453,NA
1388,25-Nov,30,0.9090909090909091,NA
1388,28-Nov,33,1,NA
1388,2-Dec,33,1,NA
1389,30-Oct,0,0,NA
1389,1-Nov,0,0,NA
1389,5-Nov,0,0,NA
1389,7-Nov,0,0,NA
1389,11-Nov,0,0,NA
1389,14-Nov,0,0,NA
1389,18-Nov,15,0.35714285714285715,NA
1389,21-Nov,25,0.5952380952380952,NA
1389,25-Nov,42,1,NA
1389,28-Nov,42,1,NA
1389,2-Dec,42,1,NA
1390,30-Oct,0,0,NA
1390,1-Nov,0,0,NA
1390,5-Nov,0,0,NA
1390,7-Nov,0,0,NA
1390,11-Nov,0,0,NA
1390,14-Nov,0,0,NA
1390,18-Nov,10,0.23809523809523808,NA
1390,21-Nov,25,0.5952380952380952,NA
1390,25-Nov,42,1,NA
1390,28-Nov,42,1,NA
1390,2-Dec,42,1,NA
1391,30-Oct,0,0,NA
1391,1-Nov,0,0,NA
1391,5-Nov,0,0,NA
1391,7-Nov,0,0,NA
1391,11-Nov,0,0,NA
1391,14-Nov,0,0,NA
1391,18-Nov,5,0.11627906976744186,NA
1391,21-Nov,26,0.6046511627906976,NA
1391,25-Nov,43,1,NA
1391,28-Nov,43,1,Value smaller than max: previous = 40 : new = 43
1391,2-Dec,43,1,NA
1392,30-Oct,0,0,NA
1392,1-Nov,0,0,NA
1392,5-Nov,0,0,NA
1392,7-Nov,0,0,NA
1392,11-Nov,0,0,NA
1392,14-Nov,0,0,NA
1392,18-Nov,10,0.29411764705882354,NA
1392,21-Nov,22,0.6470588235294118,NA
1392,25-Nov,34,1,NA
1392,28-Nov,34,1,NA
1392,2-Dec,34,1,NA
1393,30-Oct,0,0,NA
1393,1-Nov,0,0,NA
1393,5-Nov,0,0,NA
1393,7-Nov,0,0,NA
1393,11-Nov,0,0,NA
1393,14-Nov,1,0.03571428571428571,NA
1393,18-Nov,12,0.42857142857142855,NA
1393,21-Nov,25,0.8928571428571429,NA
1393,25-Nov,28,1,NA
1393,28-Nov,28,1,NA
1393,2-Dec,28,1,NA
1394,30-Oct,0,0,NA
1394,1-Nov,0,0,NA
1394,5-Nov,0,0,NA
1394,7-Nov,0,0,NA
1394,11-Nov,0,0,NA
1394,14-Nov,8,0.2222222222222222,NA
1394,18-Nov,26,0.7222222222222222,NA
1394,21-Nov,32,0.8888888888888888,NA
1394,25-Nov,36,1,NA
1394,28-Nov,36,1,NA
1394,2-Dec,36,1,NA
1395,30-Oct,0,0,NA
1395,1-Nov,0,0,NA
1395,5-Nov,0,0,NA
1395,7-Nov,0,0,NA
1395,11-Nov,0,0,NA
1395,14-Nov,13,0.5,NA
1395,18-Nov,13,0.5,NA
1395,21-Nov,22,0.8461538461538461,NA
1395,25-Nov,26,1,NA
1395,28-Nov,26,1,NA
1395,2-Dec,26,1,NA
1396,30-Oct,0,0,NA
1396,1-Nov,0,0,NA
1396,5-Nov,0,0,NA
1396,7-Nov,0,0,NA
1396,11-Nov,0,0,NA
1396,14-Nov,1,0.030303030303030304,NA
1396,18-Nov,19,0.5757575757575758,NA
1396,21-Nov,28,0.8484848484848485,NA
1396,25-Nov,33,1,NA
1396,28-Nov,33,1,NA
1396,2-Dec,33,1,NA
1397,30-Oct,0,0,NA
1397,1-Nov,0,0,NA
1397,5-Nov,0,0,NA
1397,7-Nov,0,0,NA
1397,11-Nov,1,0.0625,NA
1397,14-Nov,5,0.3125,NA
1397,18-Nov,11,0.6875,NA
1397,21-Nov,13,0.8125,NA
1397,25-Nov,13,0.8125,NA
1397,28-Nov,15,0.9375,NA
1397,2-Dec,16,1,NA
1398,30-Oct,0,0,NA
1398,1-Nov,0,0,NA
1398,5-Nov,0,0,NA
1398,7-Nov,0,0,NA
1398,11-Nov,2,0.1,NA
1398,14-Nov,7,0.35,NA
1398,18-Nov,10,0.5,NA
1398,21-Nov,12,0.6,NA
1398,25-Nov,19,0.95,NA
1398,28-Nov,20,1,NA
1398,2-Dec,20,1,NA
1399,30-Oct,0,0,NA
1399,1-Nov,0,0,NA
1399,5-Nov,0,0,NA
1399,7-Nov,0,0,NA
1399,11-Nov,5,0.15151515151515152,NA
1399,14-Nov,9,0.2727272727272727,NA
1399,18-Nov,29,0.8787878787878788,NA
1399,21-Nov,30,0.9090909090909091,NA
1399,25-Nov,33,1,NA
1399,28-Nov,33,1,NA
1399,2-Dec,33,1,NA
1400,30-Oct,0,0,NA
1400,1-Nov,0,0,NA
1400,5-Nov,0,0,NA
1400,7-Nov,0,0,NA
1400,11-Nov,4,0.13793103448275862,NA
1400,14-Nov,4,0.13793103448275862,NA
1400,18-Nov,7,0.2413793103448276,NA
1400,21-Nov,10,0.3448275862068966,NA
1400,25-Nov,29,1,NA
1400,28-Nov,29,1,NA
1400,2-Dec,29,1,NA
1401,30-Oct,0,0,NA
1401,1-Nov,0,0,NA
1401,5-Nov,0,0,NA
1401,7-Nov,0,0,NA
1401,11-Nov,0,0,NA
1401,14-Nov,0,0,NA
1401,18-Nov,16,0.2909090909090909,NA
1401,21-Nov,33,0.6,NA
1401,25-Nov,55,1,NA
1401,28-Nov,55,1,NA
1401,2-Dec,55,1,NA
1402,30-Oct,0,0,NA
1402,1-Nov,0,0,NA
1402,5-Nov,0,0,NA
1402,7-Nov,0,0,NA
1402,11-Nov,0,0,NA
1402,14-Nov,3,0.057692307692307696,NA
1402,18-Nov,8,0.15384615384615385,NA
1402,21-Nov,24,0.46153846153846156,NA
1402,25-Nov,46,0.8846153846153846,NA
1402,28-Nov,52,1,NA
1402,2-Dec,52,1,NA
1403,30-Oct,0,0,NA
1403,1-Nov,0,0,NA
1403,5-Nov,0,0,NA
1403,7-Nov,0,0,NA
1403,11-Nov,0,0,NA
1403,14-Nov,2,0.07142857142857142,NA
1403,18-Nov,10,0.35714285714285715,NA
1403,21-Nov,22,0.7857142857142857,NA
1403,25-Nov,27,0.9642857142857143,NA
1403,28-Nov,28,1,NA
1403,2-Dec,28,1,NA
1404,30-Oct,0,0,NA
1404,1-Nov,0,0,NA
1404,5-Nov,0,0,NA
1404,7-Nov,0,0,NA
1404,11-Nov,26,0.7222222222222222,NA
1404,14-Nov,34,0.9444444444444444,NA
1404,18-Nov,36,1,NA
1404,21-Nov,36,1,NA
1404,25-Nov,36,1,NA
1404,28-Nov,36,1,NA
1404,2-Dec,36,1,NA
1405,30-Oct,0,0,NA
1405,1-Nov,0,0,NA
1405,5-Nov,0,0,NA
1405,7-Nov,0,0,NA
1405,11-Nov,0,0,NA
1405,14-Nov,0,0,NA
1405,18-Nov,18,0.42857142857142855,NA
1405,21-Nov,31,0.7380952380952381,NA
1405,25-Nov,42,1,NA
1405,28-Nov,42,1,NA
1405,2-Dec,42,1,NA
1406,30-Oct,0,0,NA
1406,1-Nov,0,0,NA
1406,5-Nov,0,0,NA
1406,7-Nov,0,0,NA
1406,11-Nov,1,0.125,NA
1406,14-Nov,3,0.375,NA
1406,18-Nov,4,0.5,NA
1406,21-Nov,8,1,NA
1406,25-Nov,8,1,NA
1406,28-Nov,8,1,NA
1406,2-Dec,8,1,NA
1407,30-Oct,0,0,NA
1407,1-Nov,0,0,NA
1407,5-Nov,0,0,NA
1407,7-Nov,0,0,NA
1407,11-Nov,2,0.07692307692307693,NA
1407,14-Nov,3,0.11538461538461539,NA
1407,18-Nov,3,0.11538461538461539,NA
1407,21-Nov,8,0.3076923076923077,NA
1407,25-Nov,26,1,NA
1407,28-Nov,26,1,NA
1407,2-Dec,26,1,NA
1408,30-Oct,0,0,NA
1408,1-Nov,0,0,NA
1408,5-Nov,0,0,NA
1408,7-Nov,0,0,NA
1408,11-Nov,0,0,NA
1408,14-Nov,0,0,NA
1408,18-Nov,3,0.3,NA
1408,21-Nov,4,0.4,NA
1408,25-Nov,10,1,NA
1408,28-Nov,10,1,NA
1408,2-Dec,10,1,NA
1433,30-Oct,0,0,NA
1433,1-Nov,0,0,NA
1433,5-Nov,0,0,NA
1433,7-Nov,0,0,NA
1433,11-Nov,0,0,NA
1433,14-Nov,1,0.047619047619047616,NA
1433,18-Nov,15,0.7142857142857143,NA
1433,21-Nov,19,0.9047619047619048,NA
1433,25-Nov,21,1,NA
1433,28-Nov,21,1,NA
1433,2-Dec,21,1,NA
1434,30-Oct,0,0,NA
1434,1-Nov,0,0,NA
1434,5-Nov,0,0,NA
1434,7-Nov,0,0,NA
1434,11-Nov,0,0,NA
1434,14-Nov,10,0.35714285714285715,NA
1434,18-Nov,26,0.9285714285714286,NA
1434,21-Nov,28,1,NA
1434,25-Nov,28,1,NA
1434,28-Nov,28,1,NA
1434,2-Dec,28,1,NA
1435,30-Oct,0,0,NA
1435,1-Nov,0,0,NA
1435,5-Nov,0,0,NA
1435,7-Nov,0,0,NA
1435,11-Nov,8,0.27586206896551724,NA
1435,14-Nov,21,0.7241379310344828,NA
1435,18-Nov,29,1,NA
1435,21-Nov,29,1,NA
1435,25-Nov,29,1,NA
1435,28-Nov,29,1,NA
1435,2-Dec,29,1,NA
1436,30-Oct,0,0,NA
1436,1-Nov,0,0,NA
1436,5-Nov,0,0,NA
1436,7-Nov,0,0,NA
1436,11-Nov,0,0,NA
1436,14-Nov,12,0.5714285714285714,NA
1436,18-Nov,18,0.8571428571428571,NA
1436,21-Nov,21,1,NA
1436,25-Nov,21,1,NA
1436,28-Nov,21,1,NA
1436,2-Dec,21,1,NA
1437,30-Oct,0,0,NA
1437,1-Nov,0,0,NA
1437,5-Nov,0,0,NA
1437,7-Nov,0,0,NA
1437,11-Nov,4,0.13793103448275862,NA
1437,14-Nov,18,0.6206896551724138,NA
1437,18-Nov,28,0.9655172413793104,NA
1437,21-Nov,29,1,NA
1437,25-Nov,29,1,NA
1437,28-Nov,29,1,NA
1437,2-Dec,29,1,NA
1438,30-Oct,0,0,NA
1438,1-Nov,0,0,NA
1438,5-Nov,0,0,NA
1438,7-Nov,0,0,NA
1438,11-Nov,0,0,NA
1438,14-Nov,0,0,NA
1438,18-Nov,11,0.3333333333333333,NA
1438,21-Nov,26,0.7878787878787878,NA
1438,25-Nov,33,1,NA
1438,28-Nov,33,1,Value smaller than max: previous = 32 : new = 33
1438,2-Dec,33,1,NA
1439,30-Oct,0,0,NA
1439,1-Nov,0,0,NA
1439,5-Nov,0,0,NA
1439,7-Nov,0,0,NA
1439,11-Nov,0,0,NA
1439,14-Nov,0,0,NA
1439,18-Nov,12,0.8,NA
1439,21-Nov,15,1,NA
1439,25-Nov,15,1,NA
1439,28-Nov,15,1,NA
1439,2-Dec,15,1,NA
1440,30-Oct,0,0,NA
1440,1-Nov,0,0,NA
1440,5-Nov,0,0,NA
1440,7-Nov,0,0,NA
1440,11-Nov,1,0.047619047619047616,NA
1440,14-Nov,3,0.14285714285714285,NA
1440,18-Nov,8,0.38095238095238093,NA
1440,21-Nov,16,0.7619047619047619,NA
1440,25-Nov,21,1,NA
1440,28-Nov,21,1,NA
1440,2-Dec,21,1,NA
1441,30-Oct,0,0,NA
1441,1-Nov,0,0,NA
1441,5-Nov,0,0,NA
1441,7-Nov,0,0,NA
1441,11-Nov,1,0.16666666666666666,NA
1441,14-Nov,5,0.8333333333333334,NA
1441,18-Nov,6,1,NA
1441,21-Nov,6,1,NA
1441,25-Nov,6,1,NA
1441,28-Nov,6,1,NA
1441,2-Dec,6,1,NA
1442,30-Oct,0,0,NA
1442,1-Nov,0,0,NA
1442,5-Nov,0,0,NA
1442,7-Nov,0,0,NA
1442,11-Nov,0,0,NA
1442,14-Nov,1,0.03571428571428571,NA
1442,18-Nov,19,0.6785714285714286,NA
1442,21-Nov,27,0.9642857142857143,NA
1442,25-Nov,28,1,NA
1442,28-Nov,28,1,NA
1442,2-Dec,28,1,NA
1443,30-Oct,0,0,NA
1443,1-Nov,0,0,NA
1443,5-Nov,0,0,NA
1443,7-Nov,0,0,NA
1443,11-Nov,0,0,NA
1443,14-Nov,2,0.14285714285714285,NA
1443,18-Nov,12,0.8571428571428571,NA
1443,21-Nov,12,0.8571428571428571,NA
1443,25-Nov,14,1,NA
1443,28-Nov,14,1,Value smaller than max: previous = 13 : new = 14
1443,2-Dec,14,1,NA
1444,30-Oct,0,0,NA
1444,1-Nov,0,0,NA
1444,5-Nov,0,0,NA
1444,7-Nov,0,0,NA
1444,11-Nov,0,0,NA
1444,14-Nov,2,0.14285714285714285,NA
1444,18-Nov,12,0.8571428571428571,NA
1444,21-Nov,14,1,NA
1444,25-Nov,14,1,NA
1444,28-Nov,14,1,NA
1444,2-Dec,14,1,NA
1445,30-Oct,0,0,NA
1445,1-Nov,0,0,NA
1445,5-Nov,0,0,NA
1445,7-Nov,0,0,NA
1445,11-Nov,0,0,NA
1445,14-Nov,1,0.05555555555555555,NA
1445,18-Nov,12,0.6666666666666666,NA
1445,21-Nov,17,0.9444444444444444,NA
1445,25-Nov,18,1,NA
1445,28-Nov,18,1,NA
1445,2-Dec,18,1,NA
1446,30-Oct,0,0,NA
1446,1-Nov,0,0,NA
1446,5-Nov,0,0,NA
1446,7-Nov,0,0,NA
1446,11-Nov,2,0.06666666666666667,NA
1446,14-Nov,12,0.4,NA
1446,18-Nov,22,0.7333333333333333,NA
1446,21-Nov,25,0.8333333333333334,NA
1446,25-Nov,30,1,NA
1446,28-Nov,30,1,NA
1446,2-Dec,30,1,NA
1447,30-Oct,0,0,NA
1447,1-Nov,0,0,NA
1447,5-Nov,0,0,NA
1447,7-Nov,0,0,NA
1447,11-Nov,0,0,NA
1447,14-Nov,5,0.4166666666666667,NA
1447,18-Nov,6,0.5,NA
1447,21-Nov,12,1,NA
1447,25-Nov,12,1,NA
1447,28-Nov,12,1,NA
1447,2-Dec,12,1,NA
1448,30-Oct,0,0,NA
1448,1-Nov,0,0,NA
1448,5-Nov,0,0,NA
1448,7-Nov,0,0,NA
1448,11-Nov,0,0,NA
1448,14-Nov,7,0.3181818181818182,NA
1448,18-Nov,18,0.8181818181818182,NA
1448,21-Nov,21,0.9545454545454546,NA
1448,25-Nov,22,1,NA
1448,28-Nov,22,1,NA
1448,2-Dec,22,1,NA
1449,30-Oct,0,0,NA
1449,1-Nov,0,0,NA
1449,5-Nov,0,0,NA
1449,7-Nov,0,0,NA
1449,11-Nov,10,0.3333333333333333,NA
1449,14-Nov,25,0.8333333333333334,NA
1449,18-Nov,28,0.9333333333333333,NA
1449,21-Nov,30,1,NA
1449,25-Nov,30,1,NA
1449,28-Nov,30,1,NA
1449,2-Dec,30,1,NA
1450,30-Oct,0,0,NA
1450,1-Nov,0,0,NA
1450,5-Nov,0,0,NA
1450,7-Nov,0,0,NA
1450,11-Nov,0,0,NA
1450,14-Nov,3,0.3,NA
1450,18-Nov,3,0.3,NA
1450,21-Nov,5,0.5,NA
1450,25-Nov,9,0.9,NA
1450,28-Nov,10,1,NA
1450,2-Dec,10,1,NA
1451,30-Oct,0,0,NA
1451,1-Nov,0,0,NA
1451,5-Nov,0,0,NA
1451,7-Nov,0,0,NA
1451,11-Nov,0,0,NA
1451,14-Nov,1,0.041666666666666664,NA
1451,18-Nov,19,0.7916666666666666,NA
1451,21-Nov,24,1,NA
1451,25-Nov,24,1,NA
1451,28-Nov,24,1,NA
1451,2-Dec,24,1,NA
1452,30-Oct,0,0,NA
1452,1-Nov,0,0,NA
1452,5-Nov,0,0,NA
1452,7-Nov,0,0,NA
1452,11-Nov,0,0,NA
1452,14-Nov,2,0.07407407407407407,NA
1452,18-Nov,11,0.4074074074074074,NA
1452,21-Nov,24,0.8888888888888888,NA
1452,25-Nov,27,1,NA
1452,28-Nov,27,1,NA
1452,2-Dec,27,1,NA
1453,30-Oct,0,0,NA
1453,1-Nov,0,0,NA
1453,5-Nov,0,0,NA
1453,7-Nov,0,0,NA
1453,11-Nov,0,0,NA
1453,14-Nov,1,0.034482758620689655,NA
1453,18-Nov,6,0.20689655172413793,NA
1453,21-Nov,14,0.4827586206896552,NA
1453,25-Nov,23,0.7931034482758621,NA
1453,28-Nov,29,1,NA
1453,2-Dec,29,1,NA
1454,30-Oct,0,0,NA
1454,1-Nov,0,0,NA
1454,5-Nov,0,0,NA
1454,7-Nov,0,0,NA
1454,11-Nov,1,0.025,NA
1454,14-Nov,6,0.15,NA
1454,18-Nov,20,0.5,NA
1454,21-Nov,28,0.7,NA
1454,25-Nov,39,0.975,NA
1454,28-Nov,40,1,NA
1454,2-Dec,40,1,NA
1455,30-Oct,0,0,NA
1455,1-Nov,0,0,NA
1455,5-Nov,0,0,NA
1455,7-Nov,0,0,NA
1455,11-Nov,0,0,NA
1455,14-Nov,4,0.1111111111111111,NA
1455,18-Nov,27,0.75,NA
1455,21-Nov,32,0.8888888888888888,NA
1455,25-Nov,36,1,NA
1455,28-Nov,36,1,NA
1455,2-Dec,36,1,NA
1456,30-Oct,0,0,NA
1456,1-Nov,0,0,NA
1456,5-Nov,0,0,NA
1456,7-Nov,0,0,NA
1456,11-Nov,6,0.3,NA
1456,14-Nov,16,0.8,NA
1456,18-Nov,19,0.95,NA
1456,21-Nov,20,1,NA
1456,25-Nov,20,1,NA
1456,28-Nov,20,1,NA
1456,2-Dec,20,1,NA
